1,10,0.00186,0.02155,0.05317,461,461,461,0,0,1,-30,30,-89.79,-28.55,89.937,24.372,5.5234e-12,5.5158e-12,0,0
2,3,0.00051,0.0275,0,400,400,400,1.077,0,1,-30,30,-43.656,-124.9,43.742,129.54,6.7363e-12,6.8457e-12,0,0
2,17,0.00568,0.04215,0.0716,317,317,317,0,0,1,-30,30,43.656,100.8,-43.045,-104.57,8.5835e-12,8.7255e-12,0,0
3,14,0.00131,0.01547,0.41152,838,838,838,0,0,1,-30,30,123.68,-59.995,-123.48,16.495,2.9943e-12,2.9806e-12,0,0
3,70,0.0001,0.01,0,158.96,190.75,238.44,0,0,1,-30,30,-167.42,-0.37876,167.45,2.9056,13.233,13.233,0,0
4,5,1e-05,6e-05,0,1593,1593,1593,0,0,1,-30,30,124.97,-44.992,-124.97,45.002,1.5439e-12,1.5439e-12,0,0
6,4,0.00084,0.06858,0,250,250,250,0.9999,0,1,-30,30,-54.269,-62.289,54.325,66.92,1.0987e-11,1.0987e-11,0,0
4,65,0.00033,0.00388,0.10475,831,831,831,0,0,1,-30,30,145.26,-25.904,-145.2,15.134,3.0333e-12,3.0313e-12,0,0
4,77,0.0001,0.01,0,126.64,151.97,189.97,0,0,1,-30,30,-42.816,-108.82,42.829,110.07,8.5971e-11,8.5971e-11,0,0
5,12,0.0024,0.02795,0.75408,838,838,838,0,0,1,-30,30,-47.248,-86.355,47.341,3.4149,2.9588e-12,2.93e-12,0,0
5,16,0.00133,0.01553,0.41898,831,831,831,0,0,1,-30,30,144.97,-26.393,-144.72,-16.692,3.033e-12,3.0312e-12,0,0
5,68,0.0001,0.01,0,149.53,179.43,224.29,0,0,1,-30,30,-5.2275,-18.143,5.2278,18.176,1.6626e-11,1.6626e-11,0,0
23,6,0.00044,-0.00422,0,250,250,250,1.0677,0,1,-30,30,-54.083,-112.14,54.15,111.5,1.2459e-11,1.295e-11,0,0
24,6,0.00496,0.06982,0,64.99,84.49,84.49,0.98438,0,1,-30,30,8.3267e-14,50.884,0.11886,-49.211,9.0949e-11,8.7134e-11,0,0
7,8,2e-05,0.00021,0,876,876,876,0,0,1,-30,30,43.911,23.519,-43.91,-23.514,2.8038e-12,2.8038e-12,0,0
7,10,0.02738,0.14254,0.20047,222,222,222,0,0,1,-30,30,-81.92,-29.279,83.86,18.184,1.3039e-11,1.2744e-11,0,0
25,7,0.00015,0.06524,0,160,160,160,1.0733,0,1,-30,30,-38.007,-4.7957,38.01,5.7601,1.6121e-11,1.6251e-11,0,0
8,17,0.01909,0.11277,0.16673,197,197,197,0,0,1,-30,30,10.174,-58.95,-9.6649,44.341,1.37e-11,1.3059e-11,0,0
26,8,0.00027,0.06715,0,160,160,160,1.0828,0,1,-30,30,-33.715,-77.132,33.736,82.464,2.0821e-11,2.2199e-11,0,0
9,10,2e-05,0.00021,0,876,876,876,0,0,1,-30,30,-13.927,17.925,13.927,-17.924,2.7964e-12,2.7964e-12,0,0
9,76,0.0001,0.01,0,83.7,98.6,125.55,0,0,1,-30,30,13.927,-8.7417,-13.927,8.7659,3.0322e-11,3.0322e-11,0,0
11,10,0.00076,0.0789,0,243.53,316.58,316.58,0.9999,0,1,-30,30,24.206,2.7561,-24.202,-2.3376,1.0151e-11,1.0151e-11,0,0
10,66,0.0001,0.01,0,83.7,98.6,125.55,0,0,1,-30,30,-66.022,-1.7842,66.026,2.1756,6.6332e-11,6.6332e-11,0,0
33,11,-0.00017,0.16709,0,260,312,390,0.94157,0,1,-30,30,6.3838e-14,51.23,-0.0034745,-47.815,9.7554e-12,9.7165e-12,0,0
11,75,0.0001,0.01,0,83.7,98.6,125.55,0,0,1,-30,30,-24.203,80.195,24.209,-79.567,2.7983e-10,2.7983e-10,0,0
12,69,0.0001,0.01,0,129.32,155.19,193.98,0,0,1,-30,30,-47.341,90.898,47.35,-89.967,4.2747e-11,4.2747e-11,0,0
13,14,1e-05,6e-05,0,1593,1593,1593,0,0,1,-30,30,-123.48,16.503,123.48,-16.495,1.5426e-12,1.5426e-12,0,0
13,15,0.0015,0.01768,0.46944,831,831,831,0,0,1,-30,30,22.319,28.953,-22.272,-80.4,2.9514e-12,2.9736e-12,0,0
52,13,0.00059,0.04206,0,330,330,330,1.0488,0,1,-30,30,-101.1,-28.542,101.16,32.797,8.1085e-12,8.184e-12,0,0
15,16,1e-05,6e-05,0,1593,1593,1593,0,0,1,-30,30,60.285,-166.67,-60.283,166.69,1.5517e-12,1.5517e-12,0,0
63,15,0.00137,0.05969,0,250,250,250,1.0545,0,1,-30,30,61.615,-27.639,-61.557,30.195,1.0443e-11,1.052e-11,0,0
64,15,0.00137,0.05969,0,250,250,250,1.0531,0,1,-30,30,63.509,-25.039,-63.45,27.644,1.0458e-11,1.0535e-11,0,0
15,65,0.001,0.01165,0.31426,831,831,831,0,0,1,-30,30,-145.01,-17.184,145.2,-15.134,3.0316e-12,3.0313e-12,0,0
18,37,0.021,0.0679,0.00696,101,101,101,0,0,1,-30,30,6.1379,3.6499,-6.1282,-4.4297,2.4362e-11,2.4375e-11,0,0
18,63,0.02139,0.06954,0.00729,120,120,120,0,0,1,-30,30,-13.068,-6.7599,13.106,6.0272,2.0683e-11,2.0669e-11,0,0
19,20,8e-05,0.00083,0,438,438,438,0,0,1,-30,30,-18.614,21.208,18.614,-21.202,5.6129e-12,5.6129e-12,0,0
19,25,0.03025,0.09752,0.01002,86,86,86,0,0,1,-30,30,8.4181,0.24801,-8.3993,-1.3365,2.8728e-11,2.8735e-11,0,0
19,28,0.00983,0.01736,0.0016,137,137,137,0,0,1,-30,30,55.168,7.1394,-54.903,-6.8551,2.0876e-11,2.0879e-11,0,0
19,63,0.03669,0.11818,0.01217,123,123,123,0,0,1,-30,30,-33.622,-4.0126,33.986,3.765,2.1324e-11,2.131e-11,0,0
20,42,0.00711,0.02314,0.00234,124,124,124,0,0,1,-30,30,29.121,8.4242,-29.064,-8.5069,2.0842e-11,2.0847e-11,0,0
20,48,0.00331,0.01074,0.00109,137,137,137,0,0,1,-30,30,-55.876,11.458,55.969,-11.279,2.1058e-11,2.1061e-11,0,0
21,25,0.01116,0.01529,0.00275,114,114,114,0,0,1,-30,30,-10.549,25.159,10.622,-25.374,2.2619e-11,2.2644e-11,0,0
21,40,0.01116,0.01529,0.00275,114,114,114,0,0,1,-30,30,-3.6211,-29.379,3.7053,29.177,2.2831e-11,2.2801e-11,0,0
22,37,0.0405,0.07107,0.00673,59.55,71.46,89.33,0,0,1,-30,30,11.675,4.53,-11.619,-5.2204,4.2748e-11,4.283e-11,0,0
22,51,0.04628,0.07107,0.0076,67.92,81.51,101.88,0,0,1,-30,30,-15.895,-5.246,16.003,4.5088,3.8033e-11,3.7969e-11,0,0
23,39,0.00124,0.00413,0.00039,128,128,128,0,0,1,-30,30,16.681,33.209,-16.667,-33.205,2.0638e-11,2.0641e-11,0,0
23,43,0.00793,0.02231,0.00215,123,123,123,0,0,1,-30,30,43.512,6.3727,-43.38,-6.25,2.238e-11,2.2385e-11,0,0
23,45,0.00124,0.00413,0.00041,170.12,204.15,255.18,0,0,1,-30,30,42.06,-32.842,-42.03,32.896,1.5734e-11,1.5732e-11,0,0
23,514,0.0001,0.01,0,229.86,275.83,344.79,0,0,1,-30,30,-48.171,136.4,48.189,-134.6,1.6168e-11,1.6168e-11,0,0
25,49,0.00124,0.00413,0.00039,128,128,128,0,0,1,-30,30,16.789,23.889,-16.78,-23.903,2.0053e-11,2.0056e-11,0,0
25,61,0.01977,0.06457,0.00658,123,123,123,0,0,1,-30,30,8.1482,3.7028,-8.1339,-4.4056,2.0012e-11,2.0019e-11,0,0
25,62,0.00218,0.00712,0.00073,123,123,123,0,0,1,-30,30,10.847,3.9148,-10.845,-3.9899,2.0073e-11,2.0074e-11,0,0
26,35,0.0065,0.02121,0.00216,123,123,123,0,0,1,-30,30,9.9564,1.9052,-9.95,-2.11,2.0049e-11,2.005e-11,0,0
26,119,0.0001,0.01,0,170.58,204.7,255.87,0,0,1,-30,30,-8.2114,54.397,8.2142,-54.107,1.5948e-11,1.5948e-11,0,0
27,28,8e-05,0.00083,0,438,438,438,0,0,1,-30,30,-15.415,0.75693,15.415,-0.75519,5.5988e-12,5.5988e-12,0,0
27,32,0.00124,0.00413,0.00039,128,128,128,0,0,1,-30,30,13.004,4.3646,-13.002,-4.4021,1.9336e-11,1.9337e-11,0,0
27,56,0.00099,0.00347,0.00036,137,137,137,0,0,1,-30,30,-12.464,-6.6677,12.466,6.6329,1.8052e-11,1.8052e-11,0,0
27,61,0.01083,0.03471,0.00358,137,137,137,0,0,1,-30,30,9.655,-0.56377,-9.6461,0.18558,1.7962e-11,1.7962e-11,0,0
28,31,0.00496,0.01273,0.00128,95,95,95,0,0,1,-30,30,24.758,3.2647,-24.731,-3.3402,2.7459e-11,2.7461e-11,0,0
28,55,0.00124,0.00413,0.00039,128,128,128,0,0,1,-30,30,12.12,3.3456,-12.118,-3.3842,1.9305e-11,1.9305e-11,0,0
29,30,0.00142,0.00465,0.00047,123,123,123,0,0,1,-30,30,53.053,-1.3787,-53.02,1.4307,2.3554e-11,2.3554e-11,0,0
29,58,0.00408,0.01332,0.00136,123,123,123,0,0,1,-30,30,-53.063,1.9483,53.158,-1.8012,2.3559e-11,2.356e-11,0,0
30,64,0.01705,0.05552,0.00567,137,137,137,0,0,1,-30,30,53.01,2.2756,-52.611,-1.6549,2.0426e-11,2.0429e-11,0,0
31,46,0.00372,0.00934,0.00094,120,120,120,0,0,1,-30,30,9.0607,-1.8798,-9.0579,1.7803,2.0525e-11,2.0524e-11,0,0
32,55,0.00124,0.00413,0.00039,128,128,128,0,0,1,-30,30,-3.7781,-0.31795,3.7783,0.27416,1.9156e-11,1.9156e-11,0,0
34,62,0.00133,0.00434,0.00044,123,123,123,0,0,1,-30,30,-4.22,-0.5,4.2202,0.45042,1.994e-11,1.994e-11,0,0
36,42,0.00289,0.00926,0.00094,137,137,137,0,0,1,-30,30,-23.319,-7.5653,23.334,7.5069,1.8401e-11,1.8399e-11,0,0
36,56,0.00207,0.00694,0.0007,137,137,137,0,0,1,-30,30,12.469,6.5653,-12.466,-6.6329,1.8051e-11,1.8052e-11,0,0
37,38,0.00413,0.01372,0.00138,62,62,62,0,0,1,-30,30,3.0776,-8.1091,-3.075,7.9574,4.0194e-11,4.0171e-11,0,0
38,60,0.03438,0.06099,0.00569,62,62,62,0,0,1,-30,30,-4.465,-8.9574,4.4929,8.3409,4.0422e-11,4.0317e-11,0,0
39,40,8e-05,0.00083,0,438,438,438,0,0,1,-30,30,8.812,28.644,-8.8114,-28.637,5.6154e-12,5.6154e-12,0,0
39,41,0.00124,0.00413,0.00039,128,128,128,0,0,1,-30,30,5.7446,4.0619,-5.7441,-4.1053,1.9191e-11,1.9191e-11,0,0
40,41,0.00124,0.00413,0.00039,128,128,128,0,0,1,-30,30,2.996,-1.0401,-2.9959,0.9953,1.9151e-11,1.9151e-11,0,0
44,60,0.0395,0.1281,0.01314,62,62,62,0,0,1,-30,30,16.129,-0.77033,-16.043,-0.50454,4.1907e-11,4.1903e-11,0,0
44,64,0.00165,0.00496,0.00053,137,137,137,0,0,1,-30,30,149.42,1.2813,-149.11,-0.41328,3.7382e-06,5.4448,0,0
46,62,0.0235,0.07683,0.00783,123,123,123,0,0,1,-30,30,-6.6121,-4.3903,6.6244,3.5395,1.9992e-11,1.9984e-11,0,0
47,48,0.00645,0.02066,0.00213,137,137,137,0,0,1,-30,30,64.545,-8.0592,-64.309,8.5693,2.2216e-11,2.221e-11,0,0
47,58,0.04174,0.07322,0.00692,90,90,90,0,0,1,-30,30,-73.992,7.2238,75.99,-4.5379,6.644e-11,6.6603e-11,0,0
47,59,0.01132,0.03636,0.00375,137,137,137,0,0,1,-30,30,-10.444,-5.9946,10.457,5.6047,1.8004e-11,1.7999e-11,0,0
50,52,0.04351,0.09356,0.00962,54.76,71.18,71.18,0,0,1,-30,30,-13.14,-1.26,13.203,0.24834,4.7045e-11,4.7021e-11,0,0
51,54,0.01653,0.03306,0.00242,62.58,75.1,93.87,0,0,1,-30,30,-21.223,-5.0088,21.288,4.8478,4.3559e-11,4.353e-11,0,0
52,53,8e-05,0.00083,0,438,438,438,0,0,1,-30,30,68.663,7.4143,-68.66,-7.3813,5.711e-12,5.711e-12,0,0
52,57,0.02394,0.04718,0.00469,58.83,76.48,76.48,0,0,1,-30,30,19.235,1.5967,-19.16,-2.01,4.575e-11,4.5775e-11,0,0
54,432,0.0001,0.01,0,193.33,231.99,289.99,0,0,1,-30,30,-30.738,4.6188,30.739,-4.5389,1.2949e-11,1.2949e-11,0,0
59,63,0.01721,0.05623,0.00573,140,140,140,0,0,1,-30,30,-29.347,-10.325,29.49,10.117,1.8276e-11,1.8265e-11,0,0
63,64,8e-05,0.00083,0,438,438,438,0,0,1,-30,30,-138.2,-10.258,138.21,10.393,6.1092e-12,6.1092e-12,0,0
66,75,0.00186,0.02155,0.05317,461,461,461,0,0,1,-30,30,-66.026,31.798,66.119,-36.618,5.4368e-12,5.4463e-12,0,0
67,68,0.00051,0.0275,0,400,400,400,1.077,0,1,-30,30,-27.578,-108.51,27.639,111.81,6.5486e-12,6.622e-12,0,0
67,82,0.00568,0.04215,0.0716,317,317,317,0,0,1,-30,30,27.578,84.308,-27.173,-89.695,8.2629e-12,8.374e-12,0,0
68,79,0.00131,0.01547,0.41152,838,838,838,0,0,1,-30,30,-32.867,-61.01,32.897,15.673,2.9399e-12,2.9266e-12,0,0
69,70,1e-05,6e-05,0,1593,1593,1593,0,0,1,-30,30,162.69,32.055,-162.68,-32.04,1.5493e-12,1.5493e-12,0,0
71,69,0.00084,0.06858,0,250,250,250,0.9999,0,1,-30,30,-41.308,-49.774,41.342,52.535,1.0475e-11,1.0474e-11,0,0
69,130,0.00033,0.00388,0.10475,831,831,831,0,0,1,-30,30,-79.197,11.06,79.217,-22.454,2.9711e-12,2.9726e-12,0,0
70,77,0.0024,0.02795,0.75408,838,838,838,0,0,1,-30,30,42.883,-67.32,-42.829,-16.218,2.9457e-12,2.9295e-12,0,0
70,81,0.00133,0.01553,0.41898,831,831,831,0,0,1,-30,30,-80.115,10.564,80.206,-55.838,2.9716e-12,2.9838e-12,0,0
88,71,0.00044,-0.00422,0,250,250,250,1.0677,0,1,-30,30,-41.136,-100.84,41.186,100.37,1.1653e-11,1.197e-11,0,0
89,71,0.00496,0.06982,0,64.99,84.49,84.49,0.98438,0,1,-30,30,3.3307e-13,52.311,0.12219,-50.591,9.4702e-11,9.0462e-11,0,0
72,73,2e-05,0.00021,0,876,876,876,0,0,1,-30,30,67.256,-0.55231,-67.255,0.56129,2.8104e-12,2.8104e-12,0,0
72,75,0.02738,0.14254,0.20047,222,222,222,0,0,1,-30,30,-76.905,-7.3933,78.439,-6.2812,1.2463e-11,1.2455e-11,0,0
90,72,0.00015,0.06524,0,160,160,160,1.0733,0,1,-30,30,-9.649,-7.8493,9.6492,7.9456,1.539e-11,1.5401e-11,0,0
73,82,0.01909,0.11277,0.16673,197,197,197,0,0,1,-30,30,25.902,-45.578,-25.537,29.466,1.3329e-11,1.2882e-11,0,0
91,73,0.00027,0.06715,0,160,160,160,1.0828,0,1,-30,30,-41.344,-42.645,41.354,45.017,1.7355e-11,1.7763e-11,0,0
74,75,2e-05,0.00021,0,876,876,876,0,0,1,-30,30,119.61,-79.223,-119.6,79.262,2.8645e-12,2.8645e-12,0,0
74,193,0.0001,0.01,0,269.8,323.76,404.7,0,0,1,-30,30,-119.61,-14.13,119.62,15.446,1.1084e-11,1.1084e-11,0,0
76,75,0.00076,0.0789,0,243.53,316.58,316.58,0.9999,0,1,-30,30,-28.91,9.3376,28.916,-8.6853,1.0202e-11,1.0202e-11,0,0
98,76,-0.00017,0.16709,0,260,312,390,0.94157,0,1,-30,30,7.494e-14,51.121,-0.0034671,-47.714,9.7547e-12,9.7158e-12,0,0
78,79,1e-05,6e-05,0,1593,1593,1593,0,0,1,-30,30,32.897,15.674,-32.897,-15.673,1.5348e-12,1.5348e-12,0,0
78,80,0.0015,0.01768,0.46944,831,831,831,0,0,1,-30,30,-134.06,29.721,134.34,-78.451,3.0202e-12,3.0432e-12,0,0
117,78,0.00059,0.04206,0,330,330,330,1.0488,0,1,-30,30,-101.1,-28.522,101.16,32.781,8.1092e-12,8.1847e-12,0,0
80,81,1e-05,6e-05,0,1593,1593,1593,0,0,1,-30,30,-93.793,-77.369,93.794,77.377,1.5423e-12,1.5423e-12,0,0
128,80,0.00137,0.05969,0,250,250,250,1.0545,0,1,-30,30,4.1821,-15.559,-4.1788,15.702,9.8336e-12,9.8374e-12,0,0
129,80,0.00137,0.05969,0,250,250,250,1.0531,0,1,-30,30,5.5906,-12.97,-5.5881,13.08,9.8257e-12,9.8285e-12,0,0
80,130,0.001,0.01165,0.31426,831,831,831,0,0,1,-30,30,79.288,-56.367,-79.217,22.454,2.9834e-12,2.9726e-12,0,0
83,102,0.021,0.0679,0.00696,101,101,101,0,0,1,-30,30,29.875,0.32949,-29.717,-0.63657,2.6194e-11,2.6196e-11,0,0
83,128,0.02139,0.06954,0.00729,120,120,120,0,0,1,-30,30,-36.805,-3.4395,37.052,3.3701,2.2196e-11,2.2188e-11,0,0
84,85,8e-05,0.00083,0,438,438,438,0,0,1,-30,30,26.295,5.3387,-26.295,-5.3336,5.6105e-12,5.6105e-12,0,0
84,90,0.03025,0.09752,0.01002,86,86,86,0,0,1,-30,30,-16.888,-8.5453,16.977,7.6371,2.9708e-11,2.964e-11,0,0
84,93,0.00983,0.01736,0.0016,137,137,137,0,0,1,-30,30,28.096,0.048661,-28.031,-0.12105,1.8544e-11,1.8544e-11,0,0
84,128,0.03669,0.11818,0.01217,123,123,123,0,0,1,-30,30,-26.154,-2.2357,26.367,1.4714,2.0718e-11,2.0712e-11,0,0
85,107,0.00711,0.02314,0.00234,124,124,124,0,0,1,-30,30,17.119,3.1513,-17.1,-3.3675,2.0094e-11,2.0096e-11,0,0
85,113,0.00331,0.01074,0.00109,137,137,137,0,0,1,-30,30,1.036,0.86228,-1.0359,-0.99077,1.7885e-11,1.7885e-11,0,0
86,90,0.01116,0.01529,0.00275,114,114,114,0,0,1,-30,30,-74.605,23.056,75.174,-22.607,3.5346e-11,3.5403e-11,0,0
86,105,0.01116,0.01529,0.00275,114,114,114,0,0,1,-30,30,60.435,-27.276,-60.026,27.508,2.9958e-11,2.991e-11,0,0
87,102,0.0405,0.07107,0.00673,88.34,106.01,132.51,0,0,1,-30,30,-27.752,-23.185,28.22,23.238,3.264e-11,3.2487e-11,0,0
87,116,0.04628,0.07107,0.0076,82.01,98.42,123.02,0,0,1,-30,30,23.532,25.153,-23.03,-25.208,3.549e-11,3.5732e-11,0,0
88,104,0.00124,0.00413,0.00039,128,128,128,0,0,1,-30,30,-47.029,31.615,47.062,-31.55,2.2901e-11,2.2905e-11,0,0
88,108,0.00793,0.02231,0.00215,176.21,211.46,264.32,0,0,1,-30,30,-15.377,23.153,15.428,-23.263,1.42e-11,1.4204e-11,0,0
88,110,0.00124,0.00413,0.00041,137,137,137,0,0,1,-30,30,42.052,17.605,-42.03,-17.582,1.9712e-11,1.9714e-11,0,0
90,114,0.00124,0.00413,0.00039,128,128,128,0,0,1,-30,30,-140.58,2.6198,140.79,-1.9903,1.7445e-06,21.353,0,0
90,126,0.01977,0.06457,0.00658,123,123,123,0,0,1,-30,30,28.302,10.352,-28.152,-10.648,2.0962e-11,2.0982e-11,0,0
90,127,0.00218,0.00712,0.00073,123,123,123,0,0,1,-30,30,29.779,9.8471,-29.761,-9.877,2.1053e-11,2.1056e-11,0,0
91,100,0.0065,0.02121,0.00216,123,123,123,0,0,1,-30,30,9.9557,1.8759,-9.95,-2.11,2.0035e-11,2.0036e-11,0,0
91,480,0.0001,0.01,0,83.7,98.6,125.55,0,0,1,-30,30,27.438,19.939,-27.437,-19.841,3.4046e-11,3.4046e-11,0,0
92,93,8e-05,0.00083,0,438,438,438,0,0,1,-30,30,-7.8422,1.9444,7.8422,-1.9439,5.5943e-12,5.5943e-12,0,0
92,97,0.00124,0.00413,0.00039,128,128,128,0,0,1,-30,30,13.498,4.3426,-13.495,-4.3814,1.9343e-11,1.9343e-11,0,0
92,121,0.00099,0.00347,0.00036,137,137,137,0,0,1,-30,30,-0.51707,-1.5918,0.5171,1.5496,1.7886e-11,1.7885e-11,0,0
92,126,0.01083,0.03471,0.00358,137,137,137,0,0,1,-30,30,-10.358,-6.8052,10.372,6.4278,1.8009e-11,1.8004e-11,0,0
93,96,0.00496,0.01273,0.00128,95,95,95,0,0,1,-30,30,5.9521,-2.2975,-5.9504,2.1515,2.5889e-11,2.5888e-11,0,0
93,120,0.00124,0.00413,0.00039,128,128,128,0,0,1,-30,30,11.626,3.3625,-11.625,-3.4032,1.9288e-11,1.9288e-11,0,0
94,95,0.00142,0.00465,0.00047,123,123,123,0,0,1,-30,30,-37.065,-7.1263,37.081,7.1247,2.1608e-11,2.1607e-11,0,0
94,123,0.00408,0.01332,0.00136,123,123,123,0,0,1,-30,30,37.055,7.2145,-37.006,-7.2202,2.1609e-11,2.1612e-11,0,0
95,129,0.01705,0.05552,0.00567,137,137,137,0,0,1,-30,30,-37.091,12.812,37.31,-12.783,1.9189e-11,1.9204e-11,0,0
96,111,0.00372,0.00934,0.00094,120,120,120,0,0,1,-30,30,-9.7196,-7.3715,9.7243,7.2727,2.0598e-11,2.0596e-11,0,0
97,120,0.00124,0.00413,0.00039,128,128,128,0,0,1,-30,30,-3.2846,-0.33861,3.2847,0.29319,1.9152e-11,1.9152e-11,0,0
99,127,0.00133,0.00434,0.00044,123,123,123,0,0,1,-30,30,-4.22,-0.5,4.2202,0.44768,1.9939e-11,1.9939e-11,0,0
101,107,0.00289,0.00926,0.00094,137,137,137,0,0,1,-30,30,-11.367,-2.4675,11.37,2.3675,1.7994e-11,1.7993e-11,0,0
101,121,0.00207,0.00694,0.0007,137,137,137,0,0,1,-30,30,0.51714,1.4675,-0.5171,-1.5496,1.7885e-11,1.7885e-11,0,0
102,103,0.00413,0.01372,0.00138,62,62,62,0,0,1,-30,30,-13.174,-15.457,13.188,15.343,4.3505e-11,4.3452e-11,0,0
103,125,0.03438,0.06099,0.00569,62,62,62,0,0,1,-30,30,-20.728,-16.343,20.929,16.02,4.6718e-11,4.6455e-11,0,0
104,105,8e-05,0.00083,0,438,438,438,0,0,1,-30,30,-49.354,26.136,49.356,-26.114,5.67e-12,5.67e-12,0,0
104,106,0.00124,0.00413,0.00039,128,128,128,0,0,1,-30,30,0.18111,4.9147,-0.18086,-4.9604,1.9165e-11,1.9165e-11,0,0
105,106,0.00124,0.00413,0.00039,128,128,128,0,0,1,-30,30,8.5599,-1.8942,-8.5591,1.8504,1.9216e-11,1.9216e-11,0,0
108,222,0.0001,0.01,0,131.42,157.71,197.13,0,0,1,-30,30,-58.538,17.013,58.542,-16.7,2.2775e-11,2.2775e-11,0,0
109,125,0.0395,0.1281,0.01314,62,62,62,0,0,1,-30,30,32.86,-10.25,-32.479,9.8976,5.3024e-11,5.2539e-11,0,0
109,129,0.00165,0.00496,0.00053,137,137,137,0,0,1,-30,30,150.65,3.8232,-150.34,-2.9563,9.3416e-07,6.1798,0,0
111,127,0.0235,0.07683,0.00783,123,123,123,0,0,1,-30,30,-25.394,-9.8827,25.541,9.4293,2.0786e-11,2.0764e-11,0,0
112,113,0.00645,0.02066,0.00213,137,137,137,0,0,1,-30,30,7.3071,1.4774,-7.3041,-1.7192,1.7928e-11,1.7929e-11,0,0
112,123,0.04174,0.07322,0.00692,90,90,90,0,0,1,-30,30,-6.5269,-8.7254,6.5664,7.9707,2.7565e-11,2.7525e-11,0,0
112,124,0.01132,0.03636,0.00375,137,137,137,0,0,1,-30,30,-20.67,0.41795,20.711,-0.73038,1.8235e-11,1.8235e-11,0,0
115,117,0.04351,0.09356,0.00962,54.76,71.18,71.18,0,0,1,-30,30,-13.14,-1.26,13.204,0.24964,4.7047e-11,4.7023e-11,0,0
116,119,0.01653,0.03306,0.00242,76.66,91.99,114.99,0,0,1,-30,30,17.81,24.708,-17.664,-24.669,3.7567e-11,3.7657e-11,0,0
117,118,8e-05,0.00083,0,438,438,438,0,0,1,-30,30,68.663,7.412,-68.66,-7.3789,5.7112e-12,5.7112e-12,0,0
117,122,0.02394,0.04718,0.00469,58.83,76.48,76.48,0,0,1,-30,30,19.235,1.5974,-19.16,-2.01,4.5755e-11,4.5779e-11,0,0
124,128,0.01721,0.05623,0.00573,140,140,140,0,0,1,-30,30,-39.601,-3.9896,39.831,4.0545,1.878e-11,1.8775e-11,0,0
128,129,8e-05,0.00083,0,438,438,438,0,0,1,-30,30,-107.43,-11.631,107.44,11.711,5.8904e-12,5.8904e-12,0,0
131,132,2e-05,0.00021,0,876,876,876,0,0,1,-30,30,-28.833,81.485,28.834,-81.471,2.8196e-12,2.8196e-12,0,0
131,133,0.00033,0.02711,0,500,500,500,1.0861,0,1,-30,30,-90.375,-191.1,90.533,204.06,5.8468e-12,6.0573e-12,0,0
146,131,0.00163,0.06671,0,160,160,160,1.0646,0,1,-30,30,-78.504,-34.236,78.618,38.888,2.0156e-11,2.1044e-11,0,0
148,132,0.00163,0.06671,0,160,160,160,1.0591,0,1,-30,30,-78.215,-25.646,78.319,29.896,1.9679e-11,2.0386e-11,0,0
132,190,0.0001,0.01,0,229.39,275.26,344.08,0,0,1,-30,30,-107.15,-143.64,107.18,146.56,2.391e-11,2.391e-11,0,0
134,133,0.00032,0.0464,0,330,330,330,0.9999,0,1,-30,30,-178.52,5.4704,178.62,8.7561,1.0334e-11,1.0333e-11,0,0
133,188,0.0001,0.01,0,379.94,455.93,569.91,0,0,1,-30,30,-208.46,-140.59,208.52,146.65,1.1115e-11,1.1115e-11,0,0
147,134,0.00032,-0.00435,0,330,330,330,1.0689,0,1,-30,30,-178.42,-56.993,178.53,55.532,1.0172e-11,1.0738e-11,0,0
149,134,-0.00022,0.1019,0,260,312,390,0.96037,0,1,-30,30,-2.498e-14,64.647,-0.0078705,-61.002,9.9963e-12,9.9492e-12,0,0
167,135,-0.00013,-0.00407,0,688.8,826.56,1033.2,1.0574,0,1,-30,30,102.53,-51.743,-102.55,51.234,3.6429e-12,3.6533e-12,0,0
135,544,0.0001,0.01,0,689.73,827.68,1034.6,0,0,1,-30,30,102.55,-33.088,-102.54,34.194,3.635e-12,3.635e-12,0,0
136,137,0.02165,0.0724,0.00706,90,90,90,0,0,1,-30,30,-15.461,17.629,15.576,-17.98,2.9096e-11,2.9193e-11,0,0
136,139,0.07884,0.10231,0.01021,49,49,49,0,0,1,-30,30,7.0809,-18.829,-6.7932,18.113,5.9516e-11,5.8423e-11,0,0
137,138,8e-05,0.00083,0,438,438,438,0,0,1,-30,30,-20.406,16.88,20.407,-16.875,5.6125e-12,5.6125e-12,0,0
138,565,0.0001,0.01,0,83.7,98.6,125.55,0,0,1,-30,30,-9.937,4.3948,9.9371,-4.3834,2.9756e-11,2.9756e-11,0,0
139,140,0.01322,0.01777,0.00191,62,62,62,0,0,1,-30,30,-4.9405,-16.915,4.9781,16.758,4.2708e-11,4.2631e-11,0,0
139,166,0.03636,0.12066,0.01181,114,114,114,0,0,1,-30,30,11.61,-7.1754,-11.55,6.0922,2.178e-11,2.1754e-11,0,0
139,173,0.02331,0.07893,0.00745,69,69,69,0,0,1,-30,30,-11.426,0.15776,11.454,-0.86939,3.6432e-11,3.6438e-11,0,0
140,151,0.02231,0.07231,0.01493,75,75,75,0,0,1,-30,30,-18.138,-21.678,18.295,20.532,3.757e-11,3.7092e-11,0,0
141,148,0.02868,0.09256,0.00951,123,123,123,0,0,1,-30,30,-24.492,-9.2114,24.659,8.629,2.0726e-11,2.0702e-11,0,0
141,457,0.0001,0.01,0,83.7,98.6,125.55,0,0,1,-30,30,-1.548,5.8614,1.548,-5.8582,2.9404e-11,2.9404e-11,0,0
142,172,0.02975,0.09587,0.01007,137,137,137,0,0,1,-30,30,37.461,9.22,-37.031,-8.8539,1.9368e-11,1.9388e-11,0,0
142,577,0.0001,0.01,0,83.7,98.6,125.55,0,0,1,-30,30,-50.021,2.6489,50.024,-2.4064,4.4768e-11,4.4768e-11,0,0
143,167,0.01039,0.05083,0.00494,133,133,133,0,0,1,-30,30,-57.884,-3.3376,58.184,4.2284,2.2021e-11,2.2016e-11,0,0
143,169,0.02446,0.04347,0.00404,69,69,69,0,0,1,-30,30,53.164,2.6376,-52.567,-2.0416,7.2751e-11,7.281e-11,0,0
144,145,0.00149,0.00496,0.00048,137,137,137,0,0,1,-30,30,13.37,6.0042,-13.367,-6.0518,1.8058e-11,1.8059e-11,0,0
144,177,0.00688,0.02158,0.0024,137,137,137,0,0,1,-30,30,-22.82,-2.7342,22.851,2.5466,1.832e-11,1.8319e-11,0,0
145,175,0.00273,0.00826,0.00085,120,120,120,0,0,1,-30,30,3.2171,1.8318,-3.2168,-1.9311,2.0433e-11,2.0434e-11,0,0
146,147,8e-05,0.00083,0,438,438,438,0,0,1,-30,30,-42.511,-17.431,42.512,17.446,5.6448e-12,5.6448e-12,0,0
146,151,0.0314,0.09884,0.01074,123,123,123,0,0,1,-30,30,26.689,24.522,-26.335,-24.652,2.1483e-11,2.1564e-11,0,0
146,154,0.04,0.12959,0.01329,151.36,196.77,196.77,0,0,1,-30,30,64.781,22.394,-63.193,-18.764,1.9549e-11,1.9605e-11,0,0
146,174,0.00736,0.0238,0.00251,114,114,114,0,0,1,-30,30,29.545,4.7517,-29.49,-4.8712,2.281e-11,2.2814e-11,0,0
147,148,8e-05,0.00083,0,438,438,438,0,0,1,-30,30,-12.463,-1.076,12.463,1.077,5.5965e-12,5.5965e-12,0,0
147,155,0.04025,0.13025,0.01336,114.35,148.65,148.65,0,0,1,-30,30,64.314,22.212,-62.739,-18.641,3.0471e-11,3.0653e-11,0,0
147,157,0.02124,0.0686,0.00704,123,123,123,0,0,1,-30,30,30.455,11.94,-30.263,-12.148,2.1175e-11,2.12e-11,0,0
147,175,0.0095,0.02455,0.00256,114,114,114,0,0,1,-30,30,53.601,6.4709,-53.368,-6.1742,2.6469e-11,2.6477e-11,0,0
148,161,0.02781,0.07968,0.00807,123,123,123,0,0,1,-30,30,14.067,11.069,-13.99,-11.8,2.0279e-11,2.0304e-11,0,0
148,177,0.00883,0.02792,0.00305,137,137,137,0,0,1,-30,30,27.026,4.8709,-26.971,-5.0566,1.8507e-11,1.851e-11,0,0
150,158,0.00983,0.01727,0.00163,69,69,69,0,0,1,-30,30,-13.372,6.9586,13.392,-7.1037,3.7106e-11,3.7124e-11,0,0
150,166,0.04669,0.08182,0.00774,90,90,90,0,0,1,-30,30,0.96717,11.162,-0.91019,-11.912,2.7609e-11,2.7671e-11,0,0
150,170,0.00992,0.03322,0.00419,107,107,107,0,0,1,-30,30,-24.751,-12.053,24.818,11.811,2.4352e-11,2.4329e-11,0,0
150,176,0.02455,0.07992,0.00823,123,123,123,0,0,1,-30,30,19.375,-10.288,-19.271,9.7129,2.0507e-11,2.0484e-11,0,0
152,176,0.01338,0.04326,0.00444,140,140,140,0,0,1,-30,30,-0.010001,16.555,0.043457,-16.945,1.7719e-11,1.7733e-11,0,0
153,154,8e-05,0.00083,0,438,438,438,0,0,1,-30,30,-0.29271,7.4461,0.29275,-7.4457,5.5942e-12,5.5942e-12,0,0
153,155,8e-05,0.00083,0,438,438,438,0,0,1,-30,30,-62.736,-18.609,62.739,18.641,5.7098e-12,5.7098e-12,0,0
153,156,0.00405,0.01331,0.00138,95,95,95,0,0,1,-30,30,7.0544,-2.8768,-7.0522,2.7337,2.5943e-11,2.5941e-11,0,0
153,178,0.03017,0.09764,0.01004,123,123,123,0,0,1,-30,30,-17.355,38.569,17.863,-37.986,2.2348e-11,2.2476e-11,0,0
156,163,0.02074,0.06628,0.00699,126,126,126,0,0,1,-30,30,-1.2878,-5.3437,1.2928,4.5966,1.9479e-11,1.947e-11,0,0
157,170,0.03364,0.10744,0.01016,107,107,107,0,0,1,-30,30,25.143,11.468,-24.918,-11.911,2.429e-11,2.4344e-11,0,0
158,169,0.05322,0.09347,0.00882,69,69,69,0,0,1,-30,30,-28.562,2.3837,28.957,-2.6784,4.2052e-11,4.2099e-11,0,0
159,171,0.05042,0.10487,0.0102,69,69,69,0,0,1,-30,30,25.534,4.6916,-25.233,-5.206,4.0558e-11,4.0656e-11,0,0
159,260,0.0001,0.01,0,83.7,98.6,125.55,0,0,1,-30,30,-39.194,-7.9404,39.195,8.081,3.6625e-11,3.6625e-11,0,0
160,167,0.03603,0.12893,0.01251,90.54,108.65,135.81,0,0,1,-30,30,-43.222,-2.3617,43.813,3.0272,3.3846e-11,3.3811e-11,0,0
160,271,0.0001,0.01,0,83.7,98.6,125.55,0,0,1,-30,30,34.282,4.5451,-34.281,-4.4402,3.4427e-11,3.4427e-11,0,0
162,172,0.00512,0.01653,0.00174,137,137,137,0,0,1,-30,30,-27.488,32.292,27.581,-32.169,1.9772e-11,1.9785e-11,0,0
162,178,0.01103,0.03572,0.00367,123,123,123,0,0,1,-30,30,18.038,-34.502,-17.873,34.666,2.2129e-11,2.2088e-11,0,0
163,176,0.02835,0.09223,0.00951,137,137,137,0,0,1,-30,30,-12.843,-7.2066,12.897,6.3322,1.8074e-11,1.8061e-11,0,0
164,174,0.00826,0.01653,0.00194,114,114,114,0,0,1,-30,30,-22.624,-2.4184,22.66,2.2612,2.2242e-11,2.224e-11,0,0
164,175,0.00421,0.01074,0.00121,114,114,114,0,0,1,-30,30,18.704,0.80841,-18.691,-0.91937,2.1994e-11,2.1994e-11,0,0
165,167,0.03041,0.0986,0.01013,114,114,114,0,0,1,-30,30,29.651,0.14938,-29.427,-0.62807,2.2779e-11,2.278e-11,0,0
165,275,0.0001,0.01,0,133.86,160.63,200.79,0,0,1,-30,30,-45.931,-1.3828,45.932,1.5592,2.0301e-11,2.0301e-11,0,0
167,168,0.03587,0.1157,0.0122,140,140,140,0,0,1,-30,30,43.308,14.932,-42.662,-14.248,1.9249e-11,1.9288e-11,0,0
167,569,0.0001,0.01,0,627.77,753.32,941.65,0,0,1,-30,30,-218.41,48.343,218.45,-44.096,4.3726e-12,4.3726e-12,0,0
168,214,0.0001,0.01,0,83.7,98.6,125.55,0,0,1,-30,30,30.102,-27.695,-30.101,27.846,3.7262e-11,3.7262e-11,0,0
171,173,0.01976,0.0514,0.00515,69,69,69,0,0,1,-30,30,25.133,5.106,-25.014,-5.3606,4.0603e-11,4.0655e-11,0,0
175,179,0.02017,0.05223,0.00545,120,120,120,0,0,1,-30,30,44.652,-2.7533,-44.31,3,2.3144e-11,2.3138e-11,0,0
175,180,0.03562,0.10942,0.01146,69,69,69,0,0,1,-30,30,25.904,9.168,-25.672,-9.7849,4.1024e-11,4.1242e-11,0,0
180,281,0.0001,0.01,0,83.7,98.6,125.55,0,0,1,-30,30,19.342,10.211,-19.342,-10.169,3.1136e-11,3.1136e-11,0,0
181,182,2e-05,0.00021,0,876,876,876,0,0,1,-30,30,0,0,0,0,2.7947e-12,2.7947e-12,0,0
181,184,0.00568,0.04012,0.07033,317,317,317,0,0,1,-30,30,-94.865,-66.681,95.513,63.073,8.7635e-12,8.6741e-12,0,0
181,189,0.00105,0.00733,0.01258,231,231,231,0,0,1,-30,30,33.425,21.151,-33.41,-22.47,1.0888e-11,1.0899e-11,0,0
183,184,2e-05,0.00021,0,876,876,876,0,0,1,-30,30,73.938,-24.901,-73.937,24.911,2.8134e-12,2.8134e-12,0,0
183,230,0.0018,0.01616,0.0484,754.02,980.22,980.22,0,0,1,-30,30,319,-3.6643,-317.47,11.655,3.8197e-12,3.8191e-12,0,0
183,424,0.0001,0.01,0,487.52,585.02,731.27,0,0,1,-30,30,-221.45,7.9148,221.49,-3.8078,6.0742e-12,6.0742e-12,0,0
184,185,0.00064,0.0305,0,709.38,922.2,922.2,1.0741,0,1,-30,30,-299.07,-39.757,299.63,66.544,4.0681e-12,4.1829e-12,0,0
207,184,0.00163,0.06136,0,160,160,160,1.0215,0,1,-30,30,-39.492,-27.686,39.525,28.917,1.6555e-11,1.6614e-11,0,0
184,230,0.0018,0.01616,0.0484,734.76,955.19,955.19,0,0,1,-30,30,318.06,-3.3688,-316.53,11.277,3.9525e-12,3.9519e-12,0,0
185,186,1e-05,6e-05,0,1593,1593,1593,0,0,1,-30,30,-131.95,13.923,131.95,-13.914,1.5441e-12,1.5441e-12,0,0
185,196,0.00296,0.03484,0.9296,838,838,838,0,0,1,-30,30,-89.682,-31.742,89.913,-64.956,2.9572e-12,2.9705e-12,0,0
186,192,0.00373,0.04344,1.172,831,831,831,0,0,1,-30,30,-53.949,-31.086,54.085,-91.699,2.9618e-12,2.9931e-12,0,0
188,187,0.00032,0.04392,0,562.44,731.18,731.18,0.9999,0,1,-30,30,-208.52,-4.2063,208.65,22.02,4.9956e-12,4.9954e-12,0,0
187,192,0.00228,0.02296,0.8129,1386,1386,1386,0,0,1,-30,30,447.93,10.467,-443.65,-54.168,1.9527e-12,1.9587e-12,0,0
187,549,0.0001,0.01,0,494.5,593.4,741.75,0,0,1,-30,30,-48.712,-65.695,48.718,66.311,5.0815e-12,5.0815e-12,0,0
211,188,-0.00023,0.09951,0,260,312,390,0.96037,0,1,-30,30,2.9143e-14,44.342,-0.0039027,-42.654,9.6863e-12,9.6653e-12,0,0
190,191,2e-05,0.00021,0,876,876,876,0,0,1,-30,30,-174.6,-100.73,174.61,100.8,2.9319e-12,2.9319e-12,0,0
190,192,0.00035,0.02375,0,500,500,500,1.0867,0,1,-30,30,-103.53,-184.42,103.7,195.5,5.8192e-12,6.0239e-12,0,0
190,193,0.00236,0.01411,0.02031,229,229,229,0,0,1,-30,30,152.44,69.714,-151.85,-68.466,2.0309e-11,2.0517e-11,0,0
213,191,0.00165,0.0593,0,211.32,274.71,274.71,1.1025,0,1,-30,30,-93.085,-107.24,93.419,119.25,1.8496e-11,2.122e-11,0,0
191,353,0.0001,0.01,0,677.01,812.42,1015.5,1,0,1,-30,30,-282.77,-224.09,282.88,235.58,4.8282e-12,4.8282e-12,0,0
212,192,0.00101,0.06188,0,330,330,330,1.1306,0,1,-30,30,-162.7,-70.425,163.03,90.97,9.7492e-12,1.068e-11,0,0
213,192,0.00153,0.06206,0,250,250,250,1.1013,0,1,-30,30,-122.59,-33.879,122.84,43.941,1.2466e-11,1.3232e-11,0,0
192,229,0.00019,0.00196,0.06877,831,831,831,0,0,1,-30,30,2.3585e-05,-7.2195,1.4498e-12,1.1558e-11,2.9465e-12,2.9463e-12,0,0
194,195,0.00051,0.0275,0,400,400,400,1.077,0,1,-30,30,-81.5,-85.9,81.57,89.691,6.616e-12,6.7021e-12,0,0
195,196,1e-05,6e-05,0,1593,1593,1593,0,0,1,-30,30,225.19,-80.06,-225.19,80.092,1.5673e-12,1.5673e-12,0,0
195,197,0.00131,0.01547,0.41152,838,838,838,0,0,1,-30,30,-306.76,-9.6314,307.92,-20.701,3.3424e-12,3.3449e-12,0,0
223,196,0.00137,0.05968,0,250,250,250,1.051,0,1,-30,30,-135.04,25.506,135.28,-15.136,1.3097e-11,1.3574e-11,0,0
197,557,0.0001,0.01,0,300.15,360.18,450.22,0,0,1,-30,30,-307.92,-42.582,308.01,51.591,2.6652,2.6652,0,0
198,210,0.01452,0.04917,0.00487,120,120,120,0,0,1,-30,30,48.22,36.814,-47.74,-35.723,2.6452e-11,2.6536e-11,0,0
198,213,0.02276,0.0771,0.00763,153.09,199.01,199.01,0,0,1,-30,30,-59.06,-39.324,60.076,41.877,1.98e-11,1.9736e-11,0,0
199,200,8e-05,0.00083,0,438,438,438,0,0,1,-30,30,0,0,0,0,5.5927e-12,5.5927e-12,0,0
199,207,0.00064,0.00483,0.00047,161.57,193.89,242.36,0,0,1,-30,30,-39.48,-28.157,39.492,28.194,1.6387e-11,1.6385e-11,0,0
201,213,0.00731,0.01279,0.00122,78,78,78,0,0,1,-30,30,-6.56,-2.0899,6.5628,1.9474,3.1615e-11,3.1612e-11,0,0
202,216,0.02035,0.03558,0.0034,78,78,78,0,0,1,-30,30,-9.38,-2.09,9.3956,1.7096,3.1815e-11,3.1808e-11,0,0
203,217,0.00202,0.00325,0.02903,80,80,80,0,0,1,-30,30,-12.5,-2.2,12.503,-1.2908,3.128e-11,3.1267e-11,0,0
204,208,0.00405,0.01331,0.00138,123,123,123,0,0,1,-30,30,83.279,9.9616,-83.04,-9.34,3.2655e-11,3.2664e-11,0,0
204,213,0.00574,0.01944,0.00192,160.2,208.26,208.26,0,0,1,-30,30,-99.009,-15.712,99.493,17.119,2.2773e-11,2.2765e-11,0,0
205,220,0.04645,0.08174,0.00801,93.92,112.71,140.88,0,0,1,-30,30,82.153,-38.796,-78.998,43.381,1.1509e-10,1.1143e-10,0,0
205,581,0.0001,0.01,0,83.7,98.6,125.55,0,0,1,-30,30,-26.926,24.629,26.927,-24.519,3.4727e-11,3.4727e-11,0,0
206,212,0.01612,0.05405,0.00532,170.4,221.52,221.52,0,0,1,-30,30,-43.088,-11.483,43.358,11.751,1.5261e-11,1.5254e-11,0,0
206,219,0.00615,0.02083,0.00206,209.66,272.55,272.55,0,0,1,-30,30,80.971,-2.1482,-80.63,3.06,1.3372e-11,1.3371e-11,0,0
206,573,0.0001,0.01,0,119.22,143.06,178.83,0,0,1,-30,30,-55.073,5.737,55.076,-5.4779,2.5131e-11,2.5131e-11,0,0
209,212,0.01344,0.02383,0.00227,116.43,151.36,151.36,0,0,1,-30,30,-35.074,3.2957,35.213,-3.3233,2.2778e-11,2.278e-11,0,0
209,216,0.00698,0.01279,0.00098,78,78,78,0,0,1,-30,30,20.484,-8.6357,-20.456,8.5704,3.3687e-11,3.3677e-11,0,0
212,218,0.00959,0.02474,0.00251,160.94,209.22,209.22,0,0,1,-30,30,153.54,9.6591,-151.66,-5.119,6.2178e-11,6.2214e-11,0,0
212,220,0.02397,0.04223,0.00414,78,78,78,0,0,1,-30,30,-69.415,49.942,70.868,-47.881,4.7187e-09,3.7098,0,0
213,214,0.08066,0.14207,0.01348,180.21,234.28,234.28,0,0,1,-30,30,25.534,17.38,-24.879,-17.796,1.3933e-11,1.3954e-11,0,0
213,217,0.00959,0.02474,0.00251,102,102,102,0,0,1,-30,30,24.009,2.2952,-23.963,-2.4791,2.5184e-11,2.5187e-11,0,0
214,215,8e-05,0.00083,0,438,438,438,0,0,1,-30,30,0,0,0,0,5.5927e-12,5.5927e-12,0,0
218,221,0.00413,0.01405,0.00138,173.24,207.88,259.85,0,0,1,-30,30,140.2,1.039,-139.51,1.1458,3.1886e-11,3.1886e-11,0,0
221,483,0.0001,0.01,0,144.6,173.52,216.9,0,0,1,-30,30,78.243,-11.306,-78.238,11.842,2.2787e-11,2.2787e-11,0,0
222,223,0.05504,0.1643,0.01682,114.16,137,171.24,0,0,1,-30,30,-70.102,21.23,72.619,-15.72,3.2922e-11,3.3165e-11,0,0
223,224,8e-05,0.00083,0,438,438,438,0,0,1,-30,30,48.792,0.51646,-48.79,-0.5,5.6511e-12,5.6511e-12,0,0
223,226,0.00926,0.03008,0.00307,123,123,123,0,0,1,-30,30,30.05,-14.978,-29.963,14.89,2.1237e-11,2.1224e-11,0,0
223,227,0.01463,0.05661,0.00653,140,140,140,0,0,1,-30,30,-44.308,3.076,44.549,-2.9315,1.9102e-11,1.9106e-11,0,0
223,228,0.02688,0.08734,0.00915,123,123,123,0,0,1,-30,30,27.885,1.5991,-27.71,-2.12,2.0813e-11,2.0818e-11,0,0
225,226,0.00132,0.00421,0.00044,119,119,119,0,0,1,-30,30,-16.9,-2.09,16.903,2.0472,2.0945e-11,2.0945e-11,0,0
231,238,0.098,0.1715,0.00284,260,312,390,0,0,1,-30,30,-5.926,4.647,5.974,-4.8999,9.4293e-12,9.4297e-12,0,0
231,269,0.00346,0.00605,0.00011,260,312,390,0,0,1,-30,30,3.3204,-1.1625,-3.32,1.15,9.4241e-12,9.4241e-12,0,0
231,339,0.14867,0.26016,0.00432,260,312,390,0,0,1,-30,30,2.6056,-3.4845,-2.5841,3.0065,9.4249e-12,9.4245e-12,0,0
232,284,0.06171,0.10799,0.0018,260,312,390,0,0,1,-30,30,1.703,-1.7893,-1.7,1.58,9.4234e-12,9.4233e-12,0,0
232,344,0.01711,0.02994,0.0005,260,312,390,0,0,1,-30,30,-1.703,1.7893,1.7039,-1.8473,9.4234e-12,9.4234e-12,0,0
233,285,0.07,0.1472,0,260,312,390,0,0,1,-30,30,-29.01,14.158,29.631,-12.853,9.5479e-12,9.5479e-12,0,0
233,301,0.009,0.0284,0,260,312,390,0,0,1,-30,30,29.01,-14.158,-28.93,14.41,9.5479e-12,9.5479e-12,0,0
234,300,0.0355,0.06201,0.00104,260,312,390,0,0,1,-30,30,-24.111,0.85861,24.296,-0.65318,9.4958e-12,9.4958e-12,0,0
234,333,0.01907,0.03338,0.00054,260,312,390,0,0,1,-30,30,2.421,0.28139,-2.42,-0.34,9.4234e-12,9.4234e-12,0,0
235,246,0.01216,0.02127,0.00034,260,312,390,0,0,1,-30,30,-5.25,2.87,5.2537,-2.9036,9.4269e-12,9.4269e-12,0,0
236,242,0.09892,0.17311,0.00286,260,312,390,0,0,1,-30,30,-3.1518,0.18828,3.1603,-0.50782,9.4239e-12,9.4239e-12,0,0
236,312,0.0268,0.047,0.0008,260,312,390,0,0,1,-30,30,1.5718,-0.23828,-1.5712,0.14596,9.423e-12,9.423e-12,0,0
310,237,0.1522,0.1534,0,260,312,390,1,0,1,-30,30,0,0,0,0,9.4227e-12,9.4227e-12,0,0
238,253,0.0056,0.0098,0.00015,260,312,390,0,0,1,-30,30,-5.974,4.8999,5.9769,-4.9127,9.4297e-12,9.4297e-12,0,0
239,247,0.0287,0.05023,0.00082,260,312,390,0,0,1,-30,30,-1.22,1.86,1.2213,-1.9536,9.4233e-12,9.4233e-12,0,0
240,283,0.01814,0.03174,0.00054,260,312,390,0,0,1,-30,30,0.01,-0.48,-0.0099681,0.41808,9.4227e-12,9.4227e-12,0,0
241,282,0.0486,0.0851,0,260,312,390,0,0,1,-30,30,-17.031,5.4153,17.162,-5.1854,9.4605e-12,9.4605e-12,0,0
241,337,0.0178,0.0311,0.0005,260,312,390,0,0,1,-30,30,12.321,-2.7253,-12.297,2.7081,9.4415e-12,9.4415e-12,0,0
242,285,0.0561,0.09817,0.00162,260,312,390,0,0,1,-30,30,-4.8003,0.43782,4.8115,-0.60849,9.4254e-12,9.4255e-12,0,0
243,277,0.01494,0.02212,0.00034,260,312,390,0,0,1,-30,30,-2.41,-0.99,2.4109,0.95278,9.4235e-12,9.4235e-12,0,0
244,302,0.00617,0.04003,0.00693,260,312,390,0,0,1,-30,30,37.441,-1.9338,-37.368,1.5878,9.5909e-12,9.5906e-12,0,0
244,309,0.0066,0.0428,0.021,260,312,390,0,0,1,-30,30,63.959,-36.436,-63.662,35.848,1.0106e-11,1.0082e-11,0,0
245,257,0.01169,0.02045,0.00034,260,312,390,0,0,1,-30,30,1.8503,-0.25036,-1.85,0.21,9.4231e-12,9.4231e-12,0,0
245,339,0.08041,0.14071,0.00234,260,312,390,0,0,1,-30,30,-0.18995,2.1619,0.19352,-2.4368,9.4232e-12,9.4234e-12,0,0
245,340,0.0561,0.09817,0.00162,260,312,390,0,0,1,-30,30,-1.6604,-1.9115,1.6632,1.7209,9.4234e-12,9.4233e-12,0,0
246,337,0.0094,0.0164,0,260,312,390,0,0,1,-30,30,-5.2537,2.9036,5.2566,-2.8986,9.4269e-12,9.4269e-12,0,0
247,264,0.0275,0.0482,0.0008,260,312,390,0,0,1,-30,30,-27.828,2.5756,28.012,-2.3472,9.5168e-12,9.5169e-12,0,0
247,300,0.0662,0.11584,0.00192,260,312,390,0,0,1,-30,30,26.607,-0.62201,-26.206,1.1032,9.508e-12,9.5079e-12,0,0
267,248,0,0.03225,0,260,312,390,1.0224,0,1,-30,30,-37.361,8.581,37.361,-8.1716,9.5951e-12,9.603e-12,0,0
248,469,0.0001,0.01,0,83.7,98.6,125.55,0,0,1,-30,30,-37.361,21.145,37.363,-20.985,3.7933e-11,3.7933e-11,0,0
249,278,0.00958,0.0622,0.03069,260,312,390,0,0,1,-30,30,48.239,-1.4777,-48.053,-0.97826,9.7017e-12,9.7014e-12,0,0
249,309,0.00843,0.0548,0.02704,260,312,390,0,0,1,-30,30,-60.499,-0.11229,60.756,-1.4659,9.8686e-12,9.8692e-12,0,0
250,270,0.1184,0.2053,0,260,312,390,0,0,1,-30,30,0.041254,0.95918,-0.040308,-0.95754,9.4228e-12,9.4228e-12,0,0
250,334,0.0421,0.0755,0,260,312,390,0,0,1,-30,30,-5.1113,1.4608,5.1216,-1.4423,9.4261e-12,9.4261e-12,0,0
251,282,0.0103,0.018,0.0003,260,312,390,0,0,1,-30,30,17.19,-5.1725,-17.162,5.1854,9.4605e-12,9.4605e-12,0,0
251,320,0.02534,0.04434,0.00074,260,312,390,0,0,1,-30,30,-21.25,6.8725,21.356,-6.775,9.4814e-12,9.4815e-12,0,0
252,272,0.03165,0.08038,0.00154,260,312,390,0,0,1,-30,30,43.719,-12.019,-43.182,13.197,9.6656e-12,9.6651e-12,0,0
309,252,0,0.18689,0,260,312,390,1.0058,0,1,-30,30,23.443,-3.8662,-23.443,4.7499,9.4883e-12,9.4891e-12,0,0
252,340,0.0001,0.001,0,260,312,390,0,0,1,-30,30,-20.276,7.268,20.276,-7.2642,9.4764e-12,9.4764e-12,0,0
253,328,0.06199,0.10848,0.0018,260,312,390,0,0,1,-30,30,-10.007,6.5027,10.082,-6.584,9.4395e-12,9.4398e-12,0,0
254,297,0.05115,0.08951,0.0015,260,312,390,0,0,1,-30,30,-1.0911,-4.0041,1.0984,3.8417,9.4247e-12,9.4246e-12,0,0
254,304,0.02805,0.04909,0.0008,260,312,390,0,0,1,-30,30,-5.3889,8.5841,5.4138,-8.6333,9.435e-12,9.4352e-12,0,0
255,308,0.01777,0.03109,0.005,260,312,390,0,0,1,-30,30,3.6924,-1.9391,-3.69,1.35,9.4247e-12,9.4245e-12,0,0
255,316,0.05386,0.09425,0.00156,260,312,390,0,0,1,-30,30,-3.6924,1.9391,3.7005,-2.1101,9.4247e-12,9.4248e-12,0,0
256,345,0.03703,0.06479,0.00106,260,312,390,0,0,1,-30,30,-4.82,2.17,4.8288,-2.2798,9.426e-12,9.426e-12,0,0
258,262,0.09799,0.17147,0.00284,260,312,390,0,0,1,-30,30,-8.98,1.01,9.0493,-1.2198,9.4325e-12,9.4326e-12,0,0
259,276,0.00458,0.00802,0.00014,260,312,390,0,0,1,-30,30,5.1802,-5.2179,-5.1781,5.2049,9.429e-12,9.429e-12,0,0
259,286,0.0869,0.1522,0.0025,260,312,390,0,0,1,-30,30,-2.4112,5.8793,2.4421,-6.12,9.4274e-12,9.4278e-12,0,0
259,331,0.08499,0.14873,0.00246,260,312,390,0,0,1,-30,30,-2.769,-0.66143,2.7747,0.37877,9.4236e-12,9.4236e-12,0,0
293,260,0,0.08294,0,260,312,390,1.0074,0,1,-30,30,60.145,10.612,-60.145,-7.931,9.8886e-12,9.8959e-12,0,0
261,320,0.0047,0.0082,0.00014,260,312,390,0,0,1,-30,30,-18.705,7.776,18.721,-7.7646,9.4708e-12,9.4708e-12,0,0
261,322,0.0412,0.1047,0.002,260,312,390,0,0,1,-30,30,3.5351,-1.5963,-3.53,1.37,9.4244e-12,9.4244e-12,0,0
261,348,0.0346,0.0605,0.0001,260,312,390,0,0,1,-30,30,15.17,-6.1797,-15.092,6.3034,9.4541e-12,9.454e-12,0,0
262,273,0.05256,0.1335,0.00256,260,312,390,0,0,1,-30,30,-15.443,1.764,15.552,-1.7901,9.4515e-12,9.4516e-12,0,0
262,299,0.10089,0.17655,0.00292,260,312,390,0,0,1,-30,30,-2.616,0.42574,2.6222,-0.75784,9.4235e-12,9.4236e-12,0,0
263,312,0.02683,0.04696,0.00078,260,312,390,0,0,1,-30,30,-1.5707,0.056019,1.5712,-0.14596,9.423e-12,9.423e-12,0,0
263,314,0.03142,0.05498,0.00092,260,312,390,0,0,1,-30,30,1.5707,-0.056019,-1.57,-0.05,9.423e-12,9.423e-12,0,0
264,331,0.0275,0.0482,0.0008,260,312,390,0,0,1,-30,30,-28.962,4.8472,29.163,-4.5901,9.5256e-12,9.5257e-12,0,0
265,268,0,0.03774,0,483,609,609,0.9997,0,1,-30,30,180.92,-0.67545,-180.92,11.058,5.75e-12,5.7495e-12,0,0
265,294,0.0013,0.0159,0.2748,684.22,821.07,1026.3,0,0,1,-30,30,593.2,-13.243,-589.35,27.744,9.7404e-12,9.6771e-12,0,0
265,296,0.0012,0.01423,0.2354,851.53,1021.8,1277.3,0,0,1,-30,30,-774.12,13.919,780.17,29.652,9.4394e-12,9.4234e-12,0,0
266,340,0.05483,0.1128,0.00206,260,312,390,0,0,1,-30,30,-1.43,0.03,1.4309,-0.27718,9.4229e-12,9.4229e-12,0,0
267,324,0.02901,0.18849,0.09302,260,312,390,0,0,1,-30,30,-14.223,-3.273,14.273,-7.6587,9.4473e-12,9.453e-12,0,0
267,350,0,0.14449,0,260,312,390,1.02,0,1,-30,30,25.792,-2.6541,-25.792,3.4893,9.5008e-12,9.504e-12,0,0
267,350,0,0.14449,0,260,312,390,1.02,0,1,-30,30,25.792,-2.6541,-25.792,3.4893,9.5008e-12,9.504e-12,0,0
311,268,0,0.01641,0,193,244,244,1.0006,0,1,-30,30,-103.4,-0.27355,103.4,1.7431,1.6706e-11,1.6712e-11,0,0
268,327,0,0.14478,0,81,102,102,1.0054,0,1,-30,30,10.445,-1.2908,-10.445,1.4266,3.0681e-11,3.0686e-11,0,0
270,289,0.06826,0.11944,0.00198,260,312,390,0,0,1,-30,30,-0.039692,0.45754,0.039887,-0.68469,9.4227e-12,9.4227e-12,0,0
271,321,0,0.10324,0,260,312,390,0.9825,0,1,-30,30,50.841,-9.4962,-50.841,11.836,9.7618e-12,9.7496e-12,0,0
272,320,0.05478,0.13911,0.00264,260,312,390,0,0,1,-30,30,40.912,-12.737,-40.077,14.54,9.6404e-12,9.6393e-12,0,0
281,273,0,0.13708,0,260,312,390,0.9795,0,1,-30,30,38.642,1.6186,-38.642,0.10963,9.6095e-12,9.6018e-12,0,0
273,319,0.01752,0.04449,0.00086,260,312,390,0,0,1,-30,30,23.09,1.6805,-23.011,-1.5805,9.4862e-12,9.4862e-12,0,0
274,327,0.04264,0.07461,0.00124,260,312,390,0,0,1,-30,30,-24.838,12.809,25.121,-12.462,9.5156e-12,9.5161e-12,0,0
274,345,0.02609,0.04565,0.00076,260,312,390,0,0,1,-30,30,19.688,-10.539,-19.579,10.641,9.4818e-12,9.4816e-12,0,0
309,275,0,0.01583,0,260,312,390,1.0077,0,1,-30,30,-43.908,-25.587,43.908,25.931,9.7305e-12,9.7354e-12,0,0
276,344,0.07022,0.12288,0.00204,260,312,390,0,0,1,-30,30,3.4181,-3.6349,-3.4039,3.4173,9.4256e-12,9.4254e-12,0,0
277,326,0.01051,0.02669,0.0005,260,312,390,0,0,1,-30,30,-4.8409,-1.9528,4.8434,1.9024,9.426e-12,9.426e-12,0,0
278,303,0.0001,0.14409,0,260,312,390,1.0041,0,1,-30,30,21.46,0.36269,-21.46,0.2,9.477e-12,9.4774e-12,0,0
278,310,0.01785,0.11602,0.0572,260,312,390,0,0,1,-30,30,14.322,-14.276,-14.273,7.7299,9.4709e-12,9.4531e-12,0,0
278,349,0.0001,0.14409,0,260,312,390,1.0041,0,1,-30,30,22.02,0.98345,-22.02,-0.39,9.48e-12,9.4804e-12,0,0
279,342,0.06078,0.10635,0.00176,260,312,390,0,0,1,-30,30,-2.33,0.2,2.333,-0.39348,9.4234e-12,9.4234e-12,0,0
310,280,0.1522,0.1534,0,260,312,390,1,0,1,-30,30,0,0,0,0,9.4227e-12,9.4227e-12,0,0
283,289,0.04273,0.07477,0.00124,260,312,390,0,0,1,-30,30,0.0099681,-0.41808,-0.0099233,0.27581,9.4227e-12,9.4227e-12,0,0
296,285,0,0.08528,0,260,312,390,1.0191,0,1,-30,30,17.221,-6.483,-17.221,6.7308,9.4619e-12,9.4634e-12,0,0
296,285,0,0.08528,0,260,312,390,1.0191,0,1,-30,30,17.221,-6.483,-17.221,6.7308,9.4619e-12,9.4634e-12,0,0
286,335,0.04834,0.08459,0.0014,260,312,390,0,0,1,-30,30,-5.4121,6.08,5.4398,-6.1953,9.4306e-12,9.4308e-12,0,0
287,306,0.09687,0.16951,0.0028,260,312,390,0,0,1,-30,30,-24.945,14.96,25.645,-14.067,9.5238e-12,9.525e-12,0,0
287,327,0.0897,0.1571,0.0026,260,312,390,0,0,1,-30,30,20.565,-13.46,-20.109,13.953,9.4947e-12,9.4937e-12,0,0
288,326,0.08798,0.15397,0.00256,260,312,390,0,0,1,-30,30,-4.5339,0.70511,4.5505,-0.96626,9.4253e-12,9.4253e-12,0,0
288,342,0.01917,0.03354,0.00056,260,312,390,0,0,1,-30,30,2.3339,-0.45511,-2.333,0.39348,9.4234e-12,9.4234e-12,0,0
289,305,0.02122,0.03714,0.00062,260,312,390,0,0,1,-30,30,-0.029963,0.40888,0.03,-0.48,9.4227e-12,9.4227e-12,0,0
290,319,0.08574,0.15004,0.0025,260,312,390,0,0,1,-30,30,-10.44,-0.39,10.521,0.2402,9.4359e-12,9.4358e-12,0,0
291,298,0.11678,0.20436,0.00338,260,312,390,0,0,1,-30,30,5.4153,-2.7483,-5.38,2.41,9.427e-12,9.4268e-12,0,0
291,327,0.058,0.1014,0.0017,260,312,390,0,0,1,-30,30,-5.4153,2.7483,5.4336,-2.9178,9.427e-12,9.4272e-12,0,0
292,334,0.0612,0.1072,0.00178,260,312,390,0,0,1,-30,30,6.0513,-1.004,-6.0316,0.83233,9.4272e-12,9.4272e-12,0,0
292,335,0.0719,0.1258,0.00208,260,312,390,0,0,1,-30,30,-6.0513,1.004,6.0748,-1.2051,9.4272e-12,9.4273e-12,0,0
294,293,0,0.01234,0,564.89,677.87,847.34,1.0058,0,1,-30,30,294.68,-13.872,-294.68,23.077,5.6393e-12,5.6591e-12,0,0
294,293,0,0.01234,0,564.89,677.87,847.34,1.0058,0,1,-30,30,294.68,-13.872,-294.68,23.077,5.6393e-12,5.6591e-12,0,0
293,375,0.0001,0.01,0,224.1,268.92,336.15,0,0,1,-30,30,241.52,-22.077,-241.47,27.099,16.645,16.645,0,0
295,321,0.08415,0.14726,0.00244,260,312,390,0,0,1,-30,30,0.35526,2.3412,-0.35087,-2.6278,9.4233e-12,9.4235e-12,0,0
295,332,0.0234,0.0593,0.00112,260,312,390,0,0,1,-30,30,-0.12527,4.8788,0.13001,-5.002,9.4254e-12,9.4256e-12,0,0
297,337,0.0528,0.0924,0,260,312,390,0,0,1,-30,30,-7.0184,-0.15166,7.0406,0.19052,9.4285e-12,9.4285e-12,0,0
299,318,0.0785,0.1374,0.0028,260,312,390,0,0,1,-30,30,3.63,1.4142,-3.6195,-1.7238,9.4245e-12,9.4246e-12,0,0
299,321,0.14137,0.24739,0.0041,260,312,390,0,0,1,-30,30,-12.292,1.7336,12.479,-1.8951,9.441e-12,9.4412e-12,0,0
301,306,0.0175,0.0368,0,260,312,390,0,0,1,-30,30,28.93,-14.41,-28.775,14.737,9.5479e-12,9.5479e-12,0,0
302,311,0.00703,0.04557,0.00693,260,312,390,0,0,1,-30,30,-102.77,2.9789,103.4,0.27355,1.0859e-11,1.086e-11,0,0
302,336,0,0.0157,0,260,312,390,1.0231,0,1,-30,30,140.14,-4.5667,-140.14,7.3,1.2498e-11,1.2692e-11,0,0
304,326,0.09874,0.17278,0.00286,260,312,390,0,0,1,-30,30,-12.314,13.663,12.606,-13.48,9.4636e-12,9.4647e-12,0,0
307,351,0.00944,0.01653,0.00026,260,312,390,0,0,1,-30,30,-7.6,-4.63,7.6066,4.6121,9.4325e-12,9.4324e-12,0,0
309,340,0,0.18626,0,260,312,390,1.0075,0,1,-30,30,23.37,-4.9286,-23.37,5.8216,9.489e-12,9.49e-12,0,0
310,315,0.1522,0.1534,0,260,312,390,1,0,1,-30,30,0,0,0,0,9.4227e-12,9.4227e-12,0,0
310,324,0.00019,0.00118,0.00061,260,312,390,0,0,1,-30,30,14.273,-7.7289,-14.273,7.6577,9.4531e-12,9.453e-12,0,0
313,330,0.09182,0.16067,0.00266,260,312,390,0,0,1,-30,30,-8.42,6.035,8.5098,-6.174,9.4361e-12,9.4366e-12,0,0
316,323,0.04675,0.08181,0.00136,260,312,390,0,0,1,-30,30,-7.4005,3.4401,7.427,-3.5554,9.4305e-12,9.4306e-12,0,0
317,328,0.00234,0.00409,9e-05,260,312,390,0,0,1,-30,30,-4.48,1.83,4.4805,-1.8398,9.4254e-12,9.4254e-12,0,0
318,329,0.07948,0.13908,0.0023,260,312,390,0,0,1,-30,30,-3.4205,2.3938,3.4328,-2.6402,9.4248e-12,9.4249e-12,0,0
319,329,0.12286,0.215,0.00356,260,312,390,0,0,1,-30,30,2.21,0.95033,-2.2034,-1.3553,9.4234e-12,9.4235e-12,0,0
321,331,0.052,0.1837,0.00368,260,312,390,0,0,1,-30,30,32.983,-6.0378,-32.498,7.3113,9.5549e-12,9.5542e-12,0,0
321,343,0.01661,0.03417,0.00064,260,312,390,0,0,1,-30,30,5.7303,-1.2758,-5.7256,1.2087,9.4267e-12,9.4267e-12,0,0
323,341,0.01608,0.02814,0.00046,260,312,390,0,0,1,-30,30,3.8422,-1.3307,-3.84,1.28,9.4246e-12,9.4246e-12,0,0
323,348,0.08798,0.15397,0.00256,260,312,390,0,0,1,-30,30,-11.269,4.8861,11.382,-4.9934,9.4404e-12,9.4408e-12,0,0
325,339,0.01178,0.02062,0.00034,260,312,390,0,0,1,-30,30,-2.39,0.53,2.3906,-0.5697,9.4234e-12,9.4234e-12,0,0
328,345,0.07761,0.1358,0.00224,260,312,390,0,0,1,-30,30,-14.563,8.4238,14.75,-8.361,9.4562e-12,9.4567e-12,0,0
329,350,0.1004,0.20654,0.00378,260,312,390,0,0,1,-30,30,-9.5293,2.7256,9.6151,-2.9907,9.4345e-12,9.4348e-12,0,0
330,346,0.0187,0.03272,0.00054,260,312,390,0,0,1,-30,30,8.0851,4.8965,-8.07,-4.93,9.4339e-12,9.434e-12,0,0
330,351,0.07536,0.13188,0.00218,260,312,390,0,0,1,-30,30,-16.595,1.2775,16.783,-1.193,9.4576e-12,9.4576e-12,0,0
335,338,0.06558,0.16654,0.00318,260,312,390,0,0,1,-30,30,-15.248,6.4875,15.404,-6.4631,9.4556e-12,9.4562e-12,0,0
335,347,0.02749,0.0481,0.0008,260,312,390,0,0,1,-30,30,3.7335,0.91287,-3.73,-1,9.4244e-12,9.4245e-12,0,0
338,350,0.02155,0.05472,0.00104,260,312,390,0,0,1,-30,30,-21.814,2.9531,21.903,-2.847,9.481e-12,9.4811e-12,0,0
343,350,0.10084,0.20745,0.0038,260,312,390,0,0,1,-30,30,4.6956,4.5613,-4.6578,-4.9345,9.4277e-12,9.4282e-12,0,0
350,351,0.06246,0.1093,0.00182,260,312,390,0,0,1,-30,30,24.723,3.7936,-24.39,-3.4191,9.4977e-12,9.4979e-12,0,0
352,381,0,0.1926,0,115,138,172.5,1,0,1,-30,30,0,0,0,0,2.1305e-11,2.1305e-11,0,0
353,367,0.00293,0.03245,0.0678,703,821,821,0,0,1,-30,30,107.9,-13.608,-107.61,8.838,3.5556e-12,3.5545e-12,0,0
353,372,0,-0.038,0,125,150,187.5,1,0,1,-30,30,0,0,0,0,1.96e-11,1.96e-11,0,0
353,381,0,-0.032,0,190,228,285,1,0,1,-30,30,9.5712e-14,-1.1936e-14,-9.5712e-14,1.1936e-14,1.2895e-11,1.2895e-11,0,0
353,383,0.00198,0.02267,0.0543,832,930,930,0,0,1,-30,30,26.934,12.76,-26.917,-18.953,2.946e-12,2.9467e-12,0,0
353,390,0.00094,0.00899,0.03215,1226,1441,1441,0,0,1,-30,30,-417.71,40.711,419.12,-31.066,2.2159e-12,2.2163e-12,0,0
353,400,0,0.057,0,210,252,315,1,0,1,-30,30,0,0,0,0,1.1666e-11,1.1666e-11,0,0
353,402,0,-0.033,0,190,228,285,1,0,1,-30,30,9.5712e-14,-1.1936e-14,-9.5712e-14,1.1936e-14,1.2895e-11,1.2895e-11,0,0
354,390,0.0028,0.1393,0,260,312,390,1,0,1,-30,30,-45.972,4.6285,46.022,-2.1243,9.6801e-12,9.6801e-12,0,0
354,404,0.011,0.2744,0,260,312,390,1,0,1,-30,30,-1.4279,-1.9285,1.4284,1.9418,9.4234e-12,9.4234e-12,0,0
355,363,0,0.318,0,260,312,390,1,0,1,-30,30,0,0,0,0,9.4227e-12,9.4227e-12,0,0
378,356,0,0.0989,0,120,144,180,1,0,1,-30,30,0,0,0,0,2.0417e-11,2.0417e-11,0,0
357,366,0.00064,0.0073,0.0152,703,811,811,0,0,1,-30,30,-84.537,27.499,84.58,-28.78,3.5317e-12,3.5323e-12,0,0
357,409,0.0001,0.0012,0.00244,703,821,821,0,0,1,-30,30,87.287,-30.459,-87.279,30.261,3.5357e-12,3.5356e-12,0,0
358,383,0.002,0.0221,0.0461,671,827,827,0,0,1,-30,30,-217.33,1.0724,218.15,2.5358,4.0121e-12,4.012e-12,0,0
386,358,0,0.1652,0,260,312,390,0.9857,0,1,-30,30,-17.399,-0.9297,17.399,1.3627,9.4604e-12,9.4594e-12,0,0
386,358,0,0.1059,0,260,312,390,0.9857,0,1,-30,30,-27.141,-1.4503,27.141,2.1258,9.5151e-12,9.5124e-12,0,0
358,406,0.0013,0.015,0.03001,671,827,827,0,0,1,-30,30,172.79,-4.5608,-172.46,4.9334,3.8709e-12,3.8706e-12,0,0
359,370,0,0.318,0,260,312,390,1,0,1,-30,30,0,0,0,0,9.4227e-12,9.4227e-12,0,0
360,375,0.00064,0.0073,0.0152,703,811,811,0,0,1,-30,30,-192.91,20.357,193.12,-19.806,3.7247e-12,3.7252e-12,0,0
360,408,0.0001,0.0012,0.00244,703,811,811,0,0,1,-30,30,189.17,-23.417,-189.14,23.501,3.7158e-12,3.7157e-12,0,0
368,361,0,0.27654,0,260,312,390,1,0,1,-30,30,16.014,37.815,-16.014,-33.888,9.6249e-12,9.6249e-12,0,0
368,361,0,0.41078,0,260,312,390,1,0,1,-30,30,10.781,25.457,-10.781,-22.814,9.5132e-12,9.5132e-12,0,0
376,362,0,0.1059,0,260,312,390,0.9857,0,1,-30,30,-52.45,-2.14,52.45,4.7562,9.791e-12,9.7801e-12,0,0
376,362,0,0.1059,0,260,312,390,0.9857,0,1,-30,30,-52.45,-2.14,52.45,4.7562,9.791e-12,9.7801e-12,0,0
362,377,0.00285,0.03463,0.13764,738,884,884,0,0,1,-30,30,-76.55,-19.696,76.702,6.0029,3.3523e-12,3.3501e-12,0,0
398,363,0,0.316,0,260,312,390,1,0,1,-30,30,0,0,0,0,9.4227e-12,9.4227e-12,0,0
411,363,0,0.02,0,260,312,390,0.9971,0,1,-30,30,0,0,4.8122e-14,-2.6683e-15,9.4227e-12,9.4227e-12,0,0
364,402,0,0.1935,0,115,138,172.5,1,0,1,-30,30,0,0,0,0,2.1305e-11,2.1305e-11,0,0
391,365,0.00296,0.1677,0,260,312,390,1,0,1,-30,30,21.589,3.4527,-21.577,-2.77,9.4798e-12,9.4798e-12,0,0
397,365,0.00296,0.1677,0,260,312,390,1,0,1,-30,30,20.964,1.284,-20.953,-0.65002,9.4757e-12,9.4757e-12,0,0
367,413,0.00373,0.04092,0.08703,703,821,821,0,0,1,-30,30,102.54,-7.328,-102.2,0.72163,3.5477e-12,3.5472e-12,0,0
368,384,0.0013,0.0073,0.00101,239,239,239,0,0,1,-30,30,33.374,-12.525,-33.361,12.483,1.0446e-11,1.0446e-11,0,0
369,372,0,0.2525,0,63,75.6,94.5,1,0,1,-30,30,0,0,0,0,3.889e-11,3.889e-11,0,0
371,370,0,0.316,0,260,312,390,1,0,1,-30,30,0,0,0,0,9.4227e-12,9.4227e-12,0,0
411,370,0,0.02,0,260,312,390,0.9971,0,1,-30,30,0,0,4.8122e-14,-2.6683e-15,9.4227e-12,9.4227e-12,0,0
388,372,0,0.2495,0,63,75.6,94.5,1,0,1,-30,30,0,0,0,0,3.889e-11,3.889e-11,0,0
373,387,0.00079,0.00902,0.01865,703,821,821,0,0,1,-30,30,9.6035,-25.581,-9.5987,23.492,3.488e-12,3.4874e-12,0,0
373,389,0,0.1512,0,260,312,390,1,0,1,-30,30,32.49,5.7248,-32.49,-4.29,9.5568e-12,9.5568e-12,0,0
373,395,0.00225,0.02555,0.05269,671,765,765,0,0,1,-30,30,-42.094,19.856,42.139,-25.363,3.6651e-12,3.667e-12,0,0
374,377,0.00045,0.00537,0.02136,703,821,821,0,0,1,-30,30,87.573,9.6918,-87.542,-11.753,3.5322e-12,3.5325e-12,0,0
374,395,0.0025,0.0288,0.0583,750,905,905,0,0,1,-30,30,-148.26,13.498,148.75,-14.496,3.3821e-12,3.3831e-12,0,0
378,382,0,0.0986,0,140,168,210,1,0,1,-30,30,0,0,0,0,1.75e-11,1.75e-11,0,0
378,395,0.0001,0.001,0.00024,648,648,648,0,0,1,-30,30,-4.3587e-12,-2.3853e-11,1.6921e-10,-0.027295,3.7794e-12,3.7794e-12,0,0
378,401,0,0.0995,0,140,168,210,1,0,1,-30,30,0,0,0,0,1.75e-11,1.75e-11,0,0
406,379,0.00305,0.17267,0,260,312,390,0.9855,0,1,-30,30,35.984,4.189,-35.95,-2.29,9.5832e-12,9.5785e-12,0,0
380,394,0.0067,0.0742,0.0097,239,239,239,0,0,1,-30,30,10.808,-7.4868,-10.799,6.447,1.0277e-11,1.0275e-11,0,0
380,417,0.0015,0.0172,0.0022,167,186,186,0,0,1,-30,30,-28.688,5.7968,28.699,-5.9295,1.5065e-11,1.5066e-11,0,0
407,381,0,0.2782,0,75,90,112.5,1,0,1,-30,30,0,0,0,0,3.2667e-11,3.2667e-11,0,0
383,411,0.00532,0.13802,0,260,312,390,1.0147,0,1,-30,30,-61.77,-7.4442,61.951,12.142,9.9072e-12,9.9223e-12,0,0
383,411,0,0.13432,0,260,312,390,0.9893,0,1,-30,30,-64.799,11.944,64.799,-7.0698,9.9695e-12,9.9572e-12,0,0
383,411,0,0.13461,0,260,312,390,0.9893,0,1,-30,30,-64.659,11.918,64.659,-7.0546,9.967e-12,9.9547e-12,0,0
384,403,0.0087,0.0354,0.0047,192,227,227,0,0,1,-30,30,-25.29,-1.9443,25.337,1.5755,1.295e-11,1.295e-11,0,0
384,415,0.01861,0.07926,0.0106,211,248,248,0,0,1,-30,30,58.65,-10.538,-58.097,11.64,1.2446e-11,1.2439e-11,0,0
385,404,0.0148,0.0608,0.0081,141,191,191,0,0,1,-30,30,26.89,2.6204,-26.8,-3.2277,1.792e-11,1.7924e-11,0,0
387,405,0.00079,0.00902,0.01865,738,884,884,0,0,1,-30,30,9.5987,-23.492,-9.5947,21.388,3.3215e-12,3.321e-12,0,0
391,394,0.0073,0.07877,0.01026,146,148,148,0,0,1,-30,30,-30.994,-3.4271,31.055,2.8673,1.7459e-11,1.7454e-11,0,0
391,418,0.0335,0.0509,0.0055,92,109,109,0,0,1,-30,30,9.4053,-0.025598,-9.38,-0.58,2.687e-11,2.6871e-11,0,0
392,413,0.00044,0.0047,0.01059,703,811,811,0,0,1,-30,30,5.6863,10.202,-5.6857,-11.442,3.4842e-12,3.4844e-12,0,0
392,416,0.0004,0.0046,0.0094,703,821,821,0,0,1,-30,30,-28.256,-13.352,28.26,12.282,3.4893e-12,3.4891e-12,0,0
393,406,0.001,0.0118,0.02431,703,821,821,0,0,1,-30,30,-4.2153,52.372,4.2402,-54.911,3.5001e-12,3.502e-12,0,0
393,416,0.001,0.0112,0.0231,738,884,884,0,0,1,-30,30,-55.455,-26.932,55.487,24.574,3.338e-12,3.3372e-12,0,0
394,396,0.00875,0.03684,0.00482,182,219,219,0,0,1,-30,30,-8.3561,1.9534,8.3617,-2.5006,1.3487e-11,1.3488e-11,0,0
394,397,0.0072,0.0779,0.0102,146,148,148,0,0,1,-30,30,32.857,7.4715,-32.787,-7.9169,1.7572e-11,1.7585e-11,0,0
406,394,0.001,0.05,0,225,287,287,0.9812,0,1,-30,30,44.777,19.734,-44.757,-18.739,1.1352e-11,1.1334e-11,0,0
395,410,0.00588,0.17061,0,260,312,390,0.9855,0,1,-30,30,23.519,5.1655,-23.49,-4.3207,9.4943e-12,9.4922e-12,0,0
396,412,0,0.358,0,260,312,390,1,0,1,-30,30,17.682,-3.2153,-17.682,4.1923,9.4609e-12,9.4609e-12,0,0
396,412,0,0.273,0,260,312,390,1,0,1,-30,30,23.188,-4.2164,-23.188,5.4977,9.4886e-12,9.4886e-12,0,0
396,415,0.00632,0.02601,0.0034,211,248,248,0,0,1,-30,30,-49.232,9.9322,49.367,-9.7795,1.2195e-11,1.2197e-11,0,0
397,399,0.03308,0.05098,0.0056,92,109,109,0,0,1,-30,30,11.823,6.6329,-11.77,-7.2,2.7136e-11,2.7161e-11,0,0
407,402,0,0.2802,0,75,90,112.5,1,0,1,-30,30,0,0,0,0,3.2667e-11,3.2667e-11,0,0
403,404,0.0065,0.0284,0.0037,192,227,227,0,0,1,-30,30,-25.337,-1.5755,25.372,1.2859,1.295e-11,1.2949e-11,0,0
405,406,0.00079,0.00902,0.01865,738,884,884,0,0,1,-30,30,0.45467,-22.228,-0.45161,20.105,3.3207e-12,3.3202e-12,0,0
408,416,0.0012,0.0135,0.02789,703,811,811,0,0,1,-30,30,111.66,-18.761,-111.53,16.942,3.562e-12,3.5613e-12,0,0
409,416,0.0012,0.0135,0.02789,703,811,811,0,0,1,-30,30,7.8192,-29.401,-7.8107,26.22,3.489e-12,3.4879e-12,0,0
414,416,0.001,0.0112,0.0231,540,628,628,0,0,1,-30,30,360.14,-59.54,-359,69.554,7.4387e-12,7.4263e-12,0,0
417,416,0,0.0465,0,239,239,239,0.9957,0,1,-30,30,-28.699,5.9295,28.699,-5.5922,1.0384e-11,1.0383e-11,0,0
419,420,2e-05,0.00021,0,876,876,876,0,0,1,-30,30,26.58,39.364,-26.58,-39.36,2.8017e-12,2.8017e-12,0,0
419,423,0.00171,0.00961,0.01424,250,250,250,0,0,1,-30,30,-79.623,-66.767,79.778,65.947,1.1482e-11,1.1441e-11,0,0
458,419,0.00141,0.06975,0,160,160,160,1.0231,0,1,-30,30,-53,-25.295,53.043,27.403,1.7259e-11,1.7362e-11,0,0
421,422,2e-05,0.00021,0,876,876,876,0,0,1,-30,30,-285.95,43.048,285.96,-42.9,3.078e-12,3.078e-12,0,0
421,424,0.00194,0.01415,0.0223,426.3,511.56,639.44,0,0,1,-30,30,262.7,-68.358,-261.49,74.483,8.7364e-12,8.7132e-12,0,0
468,422,0.00143,0.06701,0,160,160,160,1.0226,0,1,-30,30,-31.968,-36.358,31.997,37.743,1.6594e-11,1.6657e-11,0,0
422,558,0.0001,0.01,0,455.96,547.15,683.93,0,0,1,-30,30,-282.27,23.637,282.34,-16.864,7.9685e-12,7.9685e-12,0,0
423,424,2e-05,0.00021,0,876,876,876,0,0,1,-30,30,-135.82,22.601,135.82,-22.568,2.8536e-12,2.8536e-12,0,0
423,426,0.00537,0.04039,0.06005,319,319,319,0,0,1,-30,30,117.78,-28.941,-117.13,26.642,8.7367e-12,8.7042e-12,0,0
475,423,0.00174,0.09356,0,160,160,160,0.98025,0,1,-30,30,-36.906,36.089,36.943,-34.109,1.6753e-11,1.6692e-11,0,0
476,424,0.00167,0.09275,0,160,160,160,0.99807,0,1,-30,30,33.831,-4.1673,-33.815,5.0749,1.5924e-11,1.5921e-11,0,0
425,426,0.00066,0.00496,0.00758,319,319,319,0,0,1,-30,30,-115.89,-19.59,115.97,19.248,8.6582e-12,8.6554e-12,0,0
427,476,0.01248,0.04595,0.00524,75,75,75,0,0,1,-30,30,-2.4038e-13,-7.4085e-13,1.0135e-05,-0.61982,3.2667e-11,3.2669e-11,0,0
428,429,8e-05,0.00083,0,438,438,438,0,0,1,-30,30,-43.16,17.223,43.161,-17.208,5.6453e-12,5.6453e-12,0,0
428,494,0.00364,0.01149,0.00123,175.28,210.34,262.92,0,0,1,-30,30,43.16,-17.223,-43.095,17.279,1.4841e-11,1.4839e-11,0,0
429,504,0.00653,0.02058,0.00222,170.42,204.51,255.63,0,0,1,-30,30,-47.441,15.628,47.576,-15.47,1.5477e-11,1.5481e-11,0,0
430,431,8e-05,0.00083,0,438,438,438,0,0,1,-30,30,0.56856,-12.855,-0.56845,12.857,5.5968e-12,5.5968e-12,0,0
430,464,0.00488,0.01231,0.00189,74.62,97.01,97.01,0,0,1,-30,30,-6.0486,10.555,6.0549,-10.759,3.3602e-11,3.3626e-11,0,0
431,527,0.00074,0.00223,0.0003,62,62,62,0,0,1,-30,30,0.56845,-12.857,-0.5674,12.825,4.1037e-11,4.1028e-11,0,0
432,494,0.00157,0.00463,0.00057,178.28,213.94,267.43,0,0,1,-30,30,-40.499,18.129,40.525,-18.123,1.4484e-11,1.4485e-11,0,0
433,468,0.00041,0.00124,0.00013,75,75,75,0,0,1,-30,30,-8.23,-2.16,8.2303,2.1453,3.3026e-11,3.3025e-11,0,0
434,435,8e-05,0.00083,0,438,438,438,0,0,1,-30,30,2.0493,-6.9136,-2.0493,6.9139,5.594e-12,5.594e-12,0,0
434,464,0.00455,0.01289,0.00174,62,62,62,0,0,1,-30,30,-3.9193,6.1136,3.9215,-6.3097,3.9989e-11,4.0012e-11,0,0
435,531,0.00603,0.01711,0.00231,62,62,62,0,0,1,-30,30,-1.2907,-8.3339,1.2943,8.0752,4.0156e-11,4.0116e-11,0,0
436,437,8e-05,0.00083,0,438,438,438,0,0,1,-30,30,0,0,0,0,5.5927e-12,5.5927e-12,0,0
436,438,0.0005,0.00149,0.0096,98,98,98,0,0,1,-30,30,-13.52,-5.03,13.521,3.9599,2.5495e-11,2.5471e-11,0,0
438,455,8e-05,0.00066,7e-05,98,98,98,0,0,1,-30,30,45.003,49.621,-45,-49.602,4.2961e-11,4.2966e-11,0,0
438,514,0.00207,0.01413,0.00162,98,98,98,0,0,1,-30,30,-58.524,-53.581,58.641,54.193,6.0467e-11,6.0203e-11,0,0
439,450,0.00339,0.01116,0.00113,75,75,75,0,0,1,-30,30,1.2782e-07,-0.13346,-6.9429e-13,-1.4326e-12,3.2667e-11,3.2667e-11,0,0
439,474,0.00132,0.00231,0.00023,47,47,47,0,0,1,-30,30,4.8103,1.4833,-4.81,-1.51,5.264e-11,5.2642e-11,0,0
439,499,0.00636,0.0205,0.00213,75,75,75,0,0,1,-30,30,25.222,-2.6372,-25.187,2.4974,3.6168e-11,3.6161e-11,0,0
439,502,0.00264,0.00818,0.00094,75,75,75,0,0,1,-30,30,-12.452,0.10826,12.455,-0.20858,3.3448e-11,3.3448e-11,0,0
439,516,0.0081,0.02298,0.00239,63,63,63,0,0,1,-30,30,-22.39,-0.55091,22.425,0.36574,4.355e-11,4.3547e-11,0,0
440,441,8e-05,0.00083,0,438,438,438,0,0,1,-30,30,25.503,-12.473,-25.502,12.479,5.6131e-12,5.6131e-12,0,0
440,456,0.00174,0.00496,0.00065,57,57,57,0,0,1,-30,30,5.2305,1.7363,-5.23,-1.81,4.3334e-11,4.3337e-11,0,0
440,477,0.00455,0.01405,0.0016,75,75,75,0,0,1,-30,30,18.189,7.0206,-18.174,-7.1587,3.4698e-11,3.4713e-11,0,0
440,510,0.00504,0.01562,0.00173,108.47,130.16,162.71,0,0,1,-30,30,-70.947,-4.1305,71.167,4.6129,3.595e-11,3.5942e-11,0,0
440,519,0.00711,0.02322,0.00234,75,75,75,0,0,1,-30,30,30.414,9.6596,-30.351,-9.7235,3.874e-11,3.8777e-11,0,0
441,469,0.00496,0.01628,0.00164,142.49,170.98,213.73,0,0,1,-30,30,82.546,-3.2421,-82.253,4.015,2.4252e-11,2.425e-11,0,0
441,492,0.00496,0.01496,0.00179,75,75,75,0,0,1,-30,30,13.857,-5.6246,-13.847,5.4466,3.3832e-11,3.382e-11,0,0
441,511,0.00504,0.01562,0.00173,131.91,158.3,197.87,0,0,1,-30,30,-70.9,-3.6125,71.12,4.0935,2.479e-11,2.4788e-11,0,0
442,443,0.00124,0.00421,0.00059,70,70,70,0,0,1,-30,30,-5.46,-2.31,5.4604,2.2415,3.5214e-11,3.5212e-11,0,0
443,446,0.00413,0.01587,0.00183,70,70,70,0,0,1,-30,30,26.939,-10.883,-26.909,10.779,4.097e-11,4.0931e-11,0,0
443,476,0.00488,0.01678,0.00193,78.62,102.21,102.21,0,0,1,-30,30,-32.399,8.6411,32.446,-8.7095,3.6829e-11,3.6852e-11,0,0
444,468,0.00355,0.01149,0.00116,75,75,75,0,0,1,-30,30,-25.934,-3.4406,25.955,3.3696,3.6412e-11,3.6406e-11,0,0
444,523,0.00182,0.00587,0.00587,114,114,114,0,0,1,-30,30,16.314,0.30058,-16.31,-0.98173,2.187e-11,2.1871e-11,0,0
445,446,8e-05,0.00083,0,438,438,438,0,0,1,-30,30,-6.7595,-1.8603,6.7596,1.8607,5.5939e-12,5.5939e-12,0,0
445,448,0.00066,0.00207,0.00021,75,75,75,0,0,1,-30,30,8.6303e-10,-0.024858,-2.4373e-12,-1.2126e-11,3.2667e-11,3.2667e-11,0,0
445,460,0.00066,0.0024,0.00031,80,80,80,0,0,1,-30,30,2.78,0.86348,-2.78,-0.9,3.066e-11,3.066e-11,0,0
445,468,0.00314,0.01355,0.00135,80,80,80,0,0,1,-30,30,19.733,-12.633,-19.718,12.535,3.3018e-11,3.3e-11,0,0
445,486,0.00223,0.00826,0.00099,70,70,70,0,0,1,-30,30,-15.753,13.554,15.761,-13.641,3.7817e-11,3.7839e-11,0,0
446,447,0.00066,0.00215,0.00022,75,75,75,0,0,1,-30,30,9.4863e-10,-0.026043,-2.7343e-12,-5.7588e-12,3.2667e-11,3.2667e-11,0,0
446,468,0.00314,0.01355,0.00135,80,80,80,0,0,1,-30,30,20.15,-12.575,-20.135,12.479,3.309e-11,3.3071e-11,0,0
446,521,0.00091,0.00273,0.00033,75,75,75,0,0,1,-30,30,2.9281e-09,-0.039064,3.9527e-12,1.1822e-11,3.2667e-11,3.2667e-11,0,0
449,468,0.0014,0.00455,0.00046,75,75,75,0,0,1,-30,30,-2.1342e-12,-2.7239e-12,8.7852e-09,-0.054551,3.2667e-11,3.2667e-11,0,0
451,452,8e-05,0.00083,0,438,438,438,0,0,1,-30,30,-58.331,5.5538,58.333,-5.5293,5.68e-12,5.68e-12,0,0
451,464,0.00405,0.01331,0.00135,77.01,92.41,115.51,0,0,1,-30,30,58.331,-5.5538,-58.212,5.7892,6.3275e-11,6.3243e-11,0,0
452,506,0.01025,0.02926,0.0039,77.98,93.57,116.96,0,0,1,-30,30,-59.333,5.1493,59.646,-4.7133,6.2958e-11,6.3038e-11,0,0
453,454,0.00231,0.00273,0.00058,39,39,39,0,0,1,-30,30,-4.49,-3.11,4.4906,3.0408,6.3861e-11,6.3846e-11,0,0
454,475,0.00579,0.01785,0.00204,105,105,105,0,0,1,-30,30,-50.672,3.6871,50.796,-3.5511,2.8958e-11,2.8963e-11,0,0
454,498,0.0043,0.01347,0.00147,105,105,105,0,0,1,-30,30,46.181,-6.7278,-46.104,6.794,2.7907e-11,2.7901e-11,0,0
457,491,0.01198,0.03702,0.00418,75,75,75,0,0,1,-30,30,-3.468,8.451,3.4771,-8.9073,3.309e-11,3.3133e-11,0,0
459,468,0.00372,0.01207,0.00122,75,75,75,0,0,1,-30,30,-6,-2.13,6.0013,1.9895,3.2867e-11,3.2864e-11,0,0
461,498,0.00686,0.02215,0.00232,75,75,75,0,0,1,-30,30,-38.75,9.25,38.841,-9.2361,4.2687e-11,4.273e-11,0,0
462,463,0.00033,0.00041,9e-05,39,39,39,0,0,1,-30,30,-0.43,-0.1,0.43,0.089129,6.2829e-11,6.2829e-11,0,0
463,475,0.0076,0.02355,0.00263,163.37,196.05,245.06,0,0,1,-30,30,-54.067,13.191,54.262,-12.904,1.6591e-11,1.6595e-11,0,0
463,503,0.00273,0.00876,0.0009,163.87,196.65,245.81,0,0,1,-30,30,53.637,-13.28,-53.568,13.393,1.6504e-11,1.6503e-11,0,0
464,514,0.01694,0.05562,0.0056,62,62,62,0,0,1,-30,30,45.455,9.6198,-45.139,-9.2257,7.653e-11,7.6939e-11,0,0
465,475,0.03413,0.08545,0.00909,74.04,96.25,96.25,0,0,1,-30,30,-79.515,6.7022,81.385,-3.0988,2.0384e-08,7.601,0,0
465,482,0.00992,0.01661,0.00395,88.37,106.05,132.56,0,0,1,-30,30,62.779,-0.91971,-62.443,1.0253,4.8974e-11,4.8965e-11,0,0
465,488,0.02496,0.03802,0.00491,100.27,120.32,150.4,0,0,1,-30,30,-17.381,10.044,17.469,-10.482,2.5306e-11,2.5333e-11,0,0
465,529,0.0062,0.01562,0.00277,62,62,62,0,0,1,-30,30,28.287,-16.496,-28.23,16.317,5.198e-11,5.1819e-11,0,0
466,467,8e-05,0.00083,0,438,438,438,0,0,1,-30,30,0.43,1.25,-0.43,-1.25,5.5927e-12,5.5927e-12,0,0
466,535,0.00463,0.01446,0.00163,75,75,75,0,0,1,-30,30,-8.55,-4.01,8.5536,3.8337,3.3124e-11,3.3117e-11,0,0
468,516,0.0014,0.00471,0.00048,75,75,75,0,0,1,-30,30,27.034,2.0482,-27.025,-2.0759,3.6713e-11,3.6714e-11,0,0
468,517,0.00331,0.01066,0.0011,75,75,75,0,0,1,-30,30,4.6007,1.5017,-4.6,-1.63,3.2782e-11,3.2784e-11,0,0
470,471,8e-05,0.00083,0,438,438,438,0,0,1,-30,30,35.638,-1.4732,-35.637,1.4823,5.6249e-12,5.6249e-12,0,0
470,479,0.0105,0.02983,0.00402,62,62,62,0,0,1,-30,30,-37.238,1.0732,37.364,-1.1837,5.7383e-11,5.7403e-11,0,0
471,532,0.01909,0.05413,0.00729,62,62,62,0,0,1,-30,30,34.567,-1.9723,-34.37,1.69,5.4055e-11,5.4004e-11,0,0
472,473,0.00438,0.0086,0.00086,47,47,47,0,0,1,-30,30,-6.53,-2.79,6.5319,2.6923,5.3159e-11,5.3147e-11,0,0
473,500,0.00628,0.02,0.00213,75,75,75,0,0,1,-30,30,-15.762,5.7177,15.777,-5.9209,3.4113e-11,3.4129e-11,0,0
475,513,0.00579,0.01446,0.00162,65.52,85.18,85.18,0,0,1,-30,30,71.553,1.7729,-71.308,-1.3559,2.7197e-09,2.7432e-09,0,0
476,485,0.00769,0.02711,0.00317,85.94,111.72,111.72,0,0,1,-30,30,30.516,-7.3362,-30.452,7.1865,3.2132e-11,3.2109e-11,0,0
476,510,0.01025,0.03198,0.00354,112.8,135.36,169.2,0,0,1,-30,30,75.304,6.872,-74.808,-5.7405,3.5029e-11,3.5049e-11,0,0
476,511,0.01025,0.03198,0.00354,138.36,166.03,207.54,0,0,1,-30,30,75.894,6.6965,-75.391,-5.5415,2.3812e-11,2.3819e-11,0,0
477,478,8e-05,0.00083,0,438,438,438,0,0,1,-30,30,9.0844,4.0987,-9.0844,-4.098,5.5952e-12,5.5952e-12,0,0
478,535,0.00091,0.00256,0.00033,75,75,75,0,0,1,-30,30,9.0844,4.098,-9.0836,-4.1337,3.3176e-11,3.3178e-11,0,0
479,480,8e-05,0.00083,0,438,438,438,0,0,1,-30,30,-52.342,-15.751,52.344,15.772,5.6684e-12,5.6684e-12,0,0
479,489,0.00628,0.01959,0.00217,62,62,62,0,0,1,-30,30,0.66003,0.13692,-0.66,-0.39,3.9521e-11,3.9522e-11,0,0
479,525,0.00083,0.00248,0.00027,62,62,62,0,0,1,-30,30,14.319,16.797,-14.315,-16.819,4.4333e-11,4.4344e-11,0,0
480,490,0.0062,0.01942,0.00215,62,62,62,0,0,1,-30,30,0.53002,0.059143,-0.53,-0.31,3.9519e-11,3.952e-11,0,0
480,496,0.01587,0.05182,0.00527,80.94,97.13,121.41,0,0,1,-30,30,-28.242,11.675,28.37,-11.872,3.4482e-11,3.4556e-11,0,0
480,528,0.00124,0.00355,0.00045,62,62,62,0,0,1,-30,30,-5.1921,25.791,5.1995,-25.822,4.6726e-11,4.6759e-11,0,0
480,530,0.00198,0.00529,0.00071,50,50,50,0,0,1,-30,30,7.9974,10.741,-7.9943,-10.816,5.221e-11,5.2244e-11,0,0
481,482,0.00223,0.00562,0.0006,50,50,50,0,0,1,-30,30,-2.94,-1.25,2.9402,1.1814,4.9176e-11,4.9173e-11,0,0
482,514,0.01471,0.03025,0.00563,92.04,110.44,138.06,0,0,1,-30,30,59.503,-2.2067,-59.05,2.4942,4.1822e-11,4.1802e-11,0,0
483,484,8e-05,0.00083,0,438,438,438,0,0,1,-30,30,63.688,-18.487,-63.685,18.519,5.7047e-12,5.7047e-12,0,0
484,495,0.01488,0.02661,0.00302,170.72,204.86,256.08,0,0,1,-30,30,52.455,-21.179,-52.048,21.554,1.584e-11,1.5832e-11,0,0
485,486,8e-05,0.00083,0,438,438,438,0,0,1,-30,30,24.072,-9.9565,-24.071,9.9613,5.6095e-12,5.6095e-12,0,0
487,488,8e-05,0.00083,0,438,438,438,0,0,1,-30,30,17.469,-10.479,-17.469,10.482,5.6031e-12,5.6031e-12,0,0
487,495,0.00215,0.00603,0.00063,98.36,118.03,147.54,0,0,1,-30,30,-18.319,10.399,18.327,-10.449,2.593e-11,2.5934e-11,0,0
491,492,8e-05,0.00083,0,438,438,438,0,0,1,-30,30,-3.4771,8.9073,3.4771,-8.9066,5.595e-12,5.595e-12,0,0
493,494,0.00231,0.00694,0.00072,63,63,63,0,0,1,-30,30,-2.57,-0.93,2.5701,0.8434,3.895e-11,3.8949e-11,0,0
495,496,8e-05,0.00083,0,438,438,438,0,0,1,-30,30,28.371,-11.865,-28.37,11.872,5.6165e-12,5.6165e-12,0,0
497,498,0.00603,0.01744,0.0023,105,105,105,0,0,1,-30,30,-7.26,-2.71,7.263,2.4421,2.344e-11,2.3437e-11,0,0
499,500,8e-05,0.00083,0,438,438,438,0,0,1,-30,30,22.197,-3.6374,-22.197,3.6409,5.6052e-12,5.6052e-12,0,0
501,502,0.00124,0.00364,0.00047,57,57,57,0,0,1,-30,30,3.5291e-12,5.5766e-12,8.0887e-09,-0.055541,4.2983e-11,4.2983e-11,0,0
502,523,0.0038,0.01215,0.00125,75,75,75,0,0,1,-30,30,-12.455,0.26412,12.46,-0.39592,3.3448e-11,3.3449e-11,0,0
503,504,8e-05,0.00083,0,438,438,438,0,0,1,-30,30,47.578,-15.453,-47.576,15.47,5.6538e-12,5.6538e-12,0,0
505,506,8e-05,0.00083,0,438,438,438,0,0,1,-30,30,63.929,-2.8944,-63.926,2.9233,5.6963e-12,5.6963e-12,0,0
505,507,0.01248,0.03545,0.00474,86.66,103.99,129.99,0,0,1,-30,30,-68.469,1.0044,68.967,-0.14829,6.0404e-11,6.0413e-11,0,0
507,512,0.00769,0.01934,0.00211,64.98,84.48,84.48,0,0,1,-30,30,-68.967,0.14829,69.274,0.37213,7.015e-10,7.0135e-10,0,0
508,510,0.00521,0.00884,0.00089,47,47,47,0,0,1,-30,30,-3.64,-1.23,3.6407,1.1276,5.243e-11,5.2425e-11,0,0
509,511,0.00521,0.00884,0.00089,47,47,47,0,0,1,-30,30,-4.27,-1.55,4.2709,1.448,5.2551e-11,5.2545e-11,0,0
512,513,8e-05,0.00083,0,438,438,438,0,0,1,-30,30,-70.024,-0.74213,70.028,0.77601,5.7143e-12,5.7143e-12,0,0
514,520,0.00372,0.01231,0.00124,62,62,62,0,0,1,-30,30,2.8728e-08,-0.04078,8.2511e-13,-0.1,3.9517e-11,3.9517e-11,0,0
515,516,0.0005,0.0014,0.00017,75,75,75,0,0,1,-30,30,-4.6,-1.73,4.6001,1.7101,3.2786e-11,3.2786e-11,0,0
518,519,0.00074,0.00231,0.00026,75,75,75,0,0,1,-30,30,-12.19,-3.96,12.191,3.9335,3.3522e-11,3.3521e-11,0,0
522,523,8e-05,0.00017,2e-05,75,75,75,0,0,1,-30,30,-3.85,-1.38,3.85,1.3777,3.275e-11,3.275e-11,0,0
524,525,8e-05,0.00083,0,438,438,438,0,0,1,-30,30,-6.895,-14.807,6.8952,14.809,5.5994e-12,5.5994e-12,0,0
524,526,0.00149,0.00446,0.00057,62,62,62,0,0,1,-30,30,1.585,13.327,-1.5827,-13.386,4.1172e-11,4.1189e-11,0,0
526,527,8e-05,0.00083,0,438,438,438,0,0,1,-30,30,-0.56729,12.826,0.5674,-12.825,5.5968e-12,5.5968e-12,0,0
528,529,8e-05,0.00083,0,438,438,438,0,0,1,-30,30,-17.019,21.162,17.02,-21.157,5.6112e-12,5.6112e-12,0,0
530,531,8e-05,0.00083,0,438,438,438,0,0,1,-30,30,3.8643,9.1159,-3.8643,-9.1152,5.5951e-12,5.5951e-12,0,0
533,534,8e-05,0.00083,0,438,438,438,0,0,1,-30,30,0,0,0,0,5.5927e-12,5.5927e-12,0,0
533,535,0,8e-05,0,75,75,75,0,0,1,-30,30,-0.53,-0.3,0.53,0.3,3.2669e-11,3.2669e-11,0,0
536,545,0.0012,0.0089,0.01512,461,461,461,0,0,1,-30,30,-66.576,-91.393,66.705,90.569,5.6015e-12,5.5939e-12,0,0
579,536,0.00064,0.04304,0,250,250,250,1.0098,0,1,-30,30,-66.506,-86.692,66.576,91.393,1.1826e-11,1.1875e-11,0,0
537,546,0.0012,0.0089,0.01513,461,461,461,0,0,1,-30,30,-47.76,-16.62,47.785,14.979,5.3671e-12,5.3659e-12,0,0
538,539,2e-05,0.00021,0,876,876,876,0,0,1,-30,30,55.319,1.4174,-55.318,-1.4117,2.8047e-12,2.8047e-12,0,0
538,540,0.00287,0.01671,0.02467,295,295,295,0,0,1,-30,30,-88.019,-17.438,88.223,15.833,9.0477e-12,9.0384e-12,0,0
538,543,0.00457,0.03351,0.05245,317,317,317,0,0,1,-30,30,-240.34,-6.1499,242.68,17.348,1.5792e-11,1.5752e-11,0,0
539,545,0.00924,0.05052,0.07698,367.86,478.22,478.22,0,0,1,-30,30,-205.84,-18,209.33,28.176,9.2505e-12,9.2168e-12,0,0
539,550,0.00494,0.0269,0.04225,250,250,250,0,0,1,-30,30,140.24,4.4062,-139.37,-4.4243,1.3603e-11,1.3615e-11,0,0
573,539,0.00165,0.06901,0,205.87,247.04,308.8,1.033,0,1,-30,30,-120.71,-5.9102,120.92,15.006,1.6795e-11,1.7272e-11,0,0
540,541,2e-05,0.00021,0,876,876,876,0,0,1,-30,30,112.48,-27.676,-112.48,27.701,2.8384e-12,2.8384e-12,0,0
540,546,0.00585,0.04027,0.07161,463.05,601.97,601.97,0,0,1,-30,30,-305.14,-33.206,309.97,58.075,8.6218e-12,8.5791e-12,0,0
541,545,0.00585,0.04027,0.07161,400,400,400,0,0,1,-30,30,-223.58,-25.905,226.18,35.448,8.4876e-12,8.4553e-12,0,0
541,560,0.01068,0.0475,0.09495,382.19,458.63,573.28,0,0,1,-30,30,231.93,-29.328,-226.82,41.309,9.5527e-12,9.4878e-12,0,0
578,541,0.00165,0.06901,0,160,160,160,1.0366,0,1,-30,30,-103.97,-20.49,104.14,27.531,2.4341e-11,2.5459e-11,0,0
542,543,2e-05,0.00021,0,876,876,876,0,0,1,-30,30,284.27,9.634,-284.26,-9.4871,3.0752e-12,3.0752e-12,0,0
542,546,0.00399,0.02901,0.04808,525.91,631.1,788.87,0,0,1,-30,30,-192.03,-63.123,193.43,67.596,5.3396e-12,5.3257e-12,0,0
580,542,0.00157,0.06798,0,160,160,160,1.0119,0,1,-30,30,92.392,-46.807,-92.237,53.489,2.4498e-11,2.4856e-11,0,0
581,543,0.00165,0.06901,0,160,160,160,1.0163,0,1,-30,30,-41.547,8.9291,41.572,-7.861,1.6265e-11,1.6298e-11,0,0
544,547,0.00358,0.04122,1.1338,1154,1154,1154,0,0,1,-30,30,-470.45,-33.184,477.97,-2.6961,2.5189e-12,2.5108e-12,0,0
545,547,0.00036,0.02519,0,500,500,500,1.0731,0,1,-30,30,-319.63,-124.72,320.04,153.46,8.1155e-12,9.0124e-12,0,0
545,554,0.00919,0.06614,0.10451,375,375,375,0,0,1,-30,30,25.252,2.0288,-25.197,-13.975,6.5578e-12,6.5656e-12,0,0
546,548,0.00036,0.02519,0,500,500,500,1.0731,0,1,-30,30,-204.39,-97.087,204.57,109.36,5.8978e-12,6.0859e-12,0,0
546,555,0.00822,0.05767,0.0982,400,400,400,0,0,1,-30,30,86.846,15.7,-86.302,-23.583,6.3809e-12,6.397e-12,0,0
547,548,1e-05,6e-05,0,1593,1593,1593,0,0,1,-30,30,568.09,-35.524,-568.06,35.7,1.7352e-12,1.7352e-12,0,0
547,549,0.00097,0.01052,0.28395,970,970,970,0,0,1,-30,30,262.72,-9.5323,-262.11,-15.163,2.7035e-12,2.7039e-12,0,0
547,559,0.00234,0.02677,0.74653,1154,1154,1154,0,0,1,-30,30,109.73,-38.897,-109.47,-40.41,2.14e-12,2.1402e-12,0,0
548,557,0.00137,0.01569,0.43744,1154,1154,1154,0,0,1,-30,30,316.34,24.269,-315.07,-57.546,2.2763e-12,2.2829e-12,0,0
570,548,0.00079,0.03678,0,426,426,426,0.91667,0,1,-30,30,-92.423,145.48,92.617,-136.42,6.8583e-12,6.6535e-12,0,0
549,556,0.00097,0.01052,0.28395,970,970,970,0,0,1,-30,30,213.4,42.383,-212.96,-68.669,2.6447e-12,2.654e-12,0,0
550,551,2e-05,0.00021,0,876,876,876,0,0,1,-30,30,68.061,-54.326,-68.06,54.34,2.8198e-12,2.8198e-12,0,0
552,553,2e-05,0.00021,0,876,876,876,0,0,1,-30,30,14.05,25.542,-14.05,-25.54,2.7974e-12,2.7974e-12,0,0
552,554,0.00136,0.0099,0.01586,400,400,400,0,0,1,-30,30,-52.85,-22.842,52.888,21.263,6.2349e-12,6.2321e-12,0,0
554,555,2e-05,0.00021,0,876,876,876,0,0,1,-30,30,-120.56,19.422,120.56,-19.395,2.8418e-12,2.8418e-12,0,0
554,556,0.00075,0.02445,0,330,330,330,1.039,0,1,-30,30,-192.23,18.096,192.49,-9.7079,1.0483e-11,1.0839e-11,0,0
554,558,0.0039,0.02847,0.04498,462.42,554.91,693.63,0,0,1,-30,30,285.1,-45.779,-282.34,60.664,7.9354e-12,7.9089e-12,0,0
555,557,0.0004,0.0253,0,500,500,500,1.0457,0,1,-30,30,-184.35,-12.622,184.48,20.675,5.5449e-12,5.6141e-12,0,0
556,557,1e-05,6e-05,0,1593,1593,1593,0,0,1,-30,30,20.476,78.377,-20.476,-78.374,1.5378e-12,1.5378e-12,0,0
561,564,0.00686,0.02215,0.00229,90,90,90,0,0,1,-30,30,-5.4305,-0.63541,5.4323,0.38728,2.7314e-11,2.7313e-11,0,0
561,588,0.02058,0.06694,0.00691,90,90,90,0,0,1,-30,30,1.5805,-0.36459,-1.58,-0.40001,2.7231e-11,2.7231e-11,0,0
562,573,0.01446,0.04802,0.00469,90,90,90,0,0,1,-30,30,-2.27,-1.11,2.2707,0.55813,2.7241e-11,2.7238e-11,0,0
563,564,8e-05,0.00083,0,438,438,438,0,0,1,-30,30,9.8724,1.488,-9.8723,-1.4873,5.5953e-12,5.5953e-12,0,0
563,579,0.01372,0.04446,0.00461,90,90,90,0,0,1,-30,30,-11.452,-1.888,11.469,1.4288,2.7637e-11,2.7632e-11,0,0
565,577,0.00355,0.01157,0.00121,90,90,90,0,0,1,-30,30,-14.577,3.6938,14.585,-3.7936,2.7978e-11,2.7981e-11,0,0
566,567,8e-05,0.00083,0,438,438,438,0,0,1,-30,30,-27.067,39.169,27.069,-39.152,5.6522e-12,5.6522e-12,0,0
566,568,0.00788,0.05315,0.00589,196,196,196,0,0,1,-30,30,13.177,-46.929,-13.013,47.366,1.3229e-11,1.3209e-11,0,0
567,576,0.0044,0.03039,0.00342,208,208,208,0,0,1,-30,30,-46.589,27.922,46.705,-27.5,1.2542e-11,1.2548e-11,0,0
568,569,8e-05,0.00083,0,708.43,850.11,1062.6,0,0,1,-30,30,285.51,-34.319,-285.45,34.906,4.0239e-12,4.0239e-12,0,0
570,568,0.00101,0.04727,0,496.5,645.45,645.45,0.91667,0,1,-30,30,312.42,52.019,-311.58,-12.714,8.2429e-12,7.4452e-12,0,0
568,586,0.00098,0.00423,0.02594,95,95,95,0,0,1,-30,30,39.085,-0.33253,-39.072,-2.6447,3.0155e-11,3.0178e-11,0,0
571,575,0.00256,0.02273,0.00199,208,208,208,0,0,1,-30,30,79.465,-8.0016,-79.318,9.0893,1.3587e-11,1.3585e-11,0,0
571,579,0.00174,0.01207,0.00134,208,208,208,0,0,1,-30,30,-99.895,-12.618,100.05,13.574,1.4938e-11,1.4936e-11,0,0
572,586,0.00017,0.00074,0.00757,95,95,95,0,0,1,-30,30,-36.5,-12.01,36.502,11.135,2.9989e-11,2.9922e-11,0,0
574,579,1e-05,0.00017,0.00075,95,95,95,0,0,1,-30,30,-0.15,-59.842,0.15032,59.764,4.005e-11,3.9988e-11,0,0
575,576,8e-05,0.00083,0,438,438,438,0,0,1,-30,30,60.798,-21.339,-60.795,21.37,5.7041e-12,5.7041e-12,0,0
577,584,0.02595,0.08512,0.0086,90,90,90,0,0,1,-30,30,-85.329,10.42,87.185,-5.2338,2.3078e-10,2.3407e-10,0,0
579,583,0.03529,0.13702,0.01374,90,90,90,0,0,1,-30,30,-45.168,11.925,45.865,-10.752,3.59e-11,3.6083e-11,0,0
580,582,0.00488,0.01587,0.00164,90,90,90,0,0,1,-30,30,51.908,-9.6211,-51.787,9.8334,3.9332e-11,3.931e-11,0,0
580,585,0.01289,0.04289,0.0042,90,90,90,0,0,1,-30,30,95.11,2.3868,-94.066,0.62327,2.9726e-07,37.413,0,0
582,583,8e-05,0.00083,0,438,438,438,0,0,1,-30,30,48.237,-10.133,-48.235,10.152,5.6569e-12,5.6569e-12,0,0
584,585,0.01628,0.05397,0.00529,90,90,90,0,0,1,-30,30,-90.735,4.6338,91.996,-1.0233,6.2124e-10,6.2652e-10,0,0
587,588,8e-05,0.00083,0,438,438,438,0,0,1,-30,30,-1.18,-0.3,1.18,0.30001,5.5927e-12,5.5927e-12,0,0
