35308,772,138.37,373.9,-257.3,1.0883,100,1,772,440,0,0,0,0,0,0,0,0,0,0,0,52.933,2.6699e-12,3.7634e-12,2.2403e-12
35309,1150.2,-383.4,557.1,-383.4,1.0776,100,1,1150.2,736,0,0,0,0,0,0,0,0,0,0,0,52.78,2.14e-12,9.4248e-13,0.00011605
35310,80,123.3,123.3,-66.3,1.0898,100,1,220,80,0,0,0,0,0,0,0,0,0,0,0,6.3314e-12,4.0114,0.00024374,4.6751e-12
35310,566.1,274.2,274.2,-188.7,1.0898,100,1,566.1,141,0,0,0,0,0,0,0,0,0,0,0,51.951,2.0852e-12,0.00024374,1.9149e-12
35311,556.9,40.042,269.7,-185.6,1.0921,100,1,556.9,157,0,0,0,0,0,0,0,0,0,0,0,52.947,2.2166e-12,3.8597e-12,3.9283e-12
35311,556.3,39.997,269.4,-185.4,1.0921,100,1,556.3,155,0,0,0,0,0,0,0,0,0,0,0,52.948,2.2088e-12,3.8639e-12,3.9326e-12
35311,556.2,39.997,269.4,-185.4,1.0921,100,1,556.2,153,0,0,0,0,0,0,0,0,0,0,0,52.936,2.1984e-12,3.8639e-12,3.9326e-12
35311,556.5,39.995,269.5,-185.5,1.0921,100,1,556.5,150,0,0,0,0,0,0,0,0,0,0,0,52.949,2.1806e-12,3.8622e-12,3.9309e-12
35316,816.3,-272.1,395.4,-272.1,1.0871,100,1,816.3,300,0,0,0,0,0,0,0,0,0,0,0,55.524,1.7168e-12,1.3279e-12,0.28648
35322,272,168.6,168.6,-90.7,1.0889,100,1,272,80,0,0,0,0,0,0,0,0,0,0,0,57.136,4.6167e-12,0.023188,3.4184e-12
35323,163.2,63.186,101.1,-54.4,1.092,100,1,163.2,90,0,0,0,0,0,0,0,0,0,0,0,53.454,1.2109e-11,2.3386e-11,7.5376e-12
35323,282.1,93.531,136.6,-94,1.092,100,1,282.1,150,0,0,0,0,0,0,0,0,0,0,0,52.174,6.7101e-12,2.0576e-11,4.727e-12
35326,98.8,12.462,47.9,-32.9,1.0945,100,1,98.8,20,0,0,0,0,0,0,0,0,0,0,0,45.678,1.1249e-11,2.5013e-11,1.954e-11
35326,96,20.089,59.5,-32,1.0945,100,1,96,40,0,0,0,0,0,0,0,0,0,0,0,25.988,1.5829e-11,2.2491e-11,1.7017e-11
35330,10.65,5.175,5.175,-3.55,1.0582,100,1,10.65,2,0,0,0,0,0,0,0,0,0,0,0,57.806,1.0247e-10,0.1067,1.0159e-10
35330,10.65,5.175,5.175,-3.55,1.0582,100,1,10.65,2,0,0,0,0,0,0,0,0,0,0,0,57.806,1.0247e-10,0.1067,1.0159e-10
35330,10.65,5.175,5.175,-3.55,1.0582,100,1,10.65,2,0,0,0,0,0,0,0,0,0,0,0,57.806,1.0247e-10,0.1067,1.0159e-10
35330,10.65,5.175,5.175,-3.55,1.0582,100,1,10.65,2,0,0,0,0,0,0,0,0,0,0,0,57.806,1.0247e-10,0.1067,1.0159e-10
35330,10.65,5.175,5.175,-3.55,1.0582,100,1,10.65,2,0,0,0,0,0,0,0,0,0,0,0,57.806,1.0247e-10,0.1067,1.0159e-10
35330,10.65,5.175,5.175,-3.55,1.0582,100,1,10.65,2,0,0,0,0,0,0,0,0,0,0,0,57.806,1.0247e-10,0.1067,1.0159e-10
35330,10.65,5.175,5.175,-3.55,1.0582,100,1,10.65,2,0,0,0,0,0,0,0,0,0,0,0,57.806,1.0247e-10,0.1067,1.0159e-10
35330,10.65,5.175,5.175,-3.55,1.0582,100,1,10.65,2,0,0,0,0,0,0,0,0,0,0,0,57.806,1.0247e-10,0.1067,1.0159e-10
35331,75,20.98,46.5,-25,1.0874,100,1,75,37,0,0,0,0,0,0,0,0,0,0,0,52.751,2.3326e-11,3.4726e-11,1.928e-11
35331,113.6,37.758,70.4,-37.9,1.0874,100,1,113.6,37,0,0,0,0,0,0,0,0,0,0,0,47.511,1.1572e-11,2.716e-11,1.1715e-11
35332,75,45.5,45.5,-25,1.0584,100,1,75,26.25,0,0,0,0,0,0,0,0,0,0,0,56.238,1.8183e-11,0.10275,1.2573e-11
35333,70,-23.3,33.9,-23.3,1.0967,100,1,70,61,0,0,0,0,0,0,0,0,0,0,0,61.944,9.8489e-11,1.5497e-11,0.25148
35335,45,11.392,21.8,-15,1.0916,100,1,45,45,0,0,0,0,0,0,0,0,0,0,0,72.992,0,8.5162e-11,3.3586e-11
35335,45,11.392,21.8,-15,1.0916,100,1,45,45,0,0,0,0,0,0,0,0,0,0,0,72.992,0,8.5162e-11,3.3586e-11
35335,45,11.392,21.8,-15,1.0916,100,1,45,45,0,0,0,0,0,0,0,0,0,0,0,72.992,0,8.5162e-11,3.3586e-11
35335,45,11.392,21.8,-15,1.0916,100,1,45,45,0,0,0,0,0,0,0,0,0,0,0,72.992,0,8.5162e-11,3.3586e-11
35335,45,11.392,21.8,-15,1.0916,100,1,45,45,0,0,0,0,0,0,0,0,0,0,0,72.992,0,8.5162e-11,3.3586e-11
35335,45,11.392,21.8,-15,1.0916,100,1,45,45,0,0,0,0,0,0,0,0,0,0,0,72.992,0,8.5162e-11,3.3586e-11
35336,42.4,3.3885,18.1,-18.1,1.0933,100,1,42.4,18.9,0,0,0,0,0,0,0,0,0,0,0,53.157,3.7719e-11,6.0253e-11,4.1249e-11
35336,42.4,3.3885,18.1,-18.1,1.0933,100,1,42.4,18.9,0,0,0,0,0,0,0,0,0,0,0,53.157,3.7719e-11,6.0253e-11,4.1249e-11
35336,44.6,3.7216,19,-19,1.0933,100,1,44.6,18.9,0,0,0,0,0,0,0,0,0,0,0,53.147,3.449e-11,5.8016e-11,3.9012e-11
35336,44.6,3.7216,19,-19,1.0933,100,1,44.6,18.9,0,0,0,0,0,0,0,0,0,0,0,53.147,3.449e-11,5.8016e-11,3.9012e-11
35336,44.6,3.7216,19,-19,1.0933,100,1,44.6,18.9,0,0,0,0,0,0,0,0,0,0,0,53.147,3.449e-11,5.8016e-11,3.9012e-11
35337,32.6,10.041,20.2,-10.9,1.0673,100,1,32.6,23,0,0,0,0,0,0,0,0,0,0,0,55.901,9.2333e-11,8.7393e-11,4.2295e-11
35337,81,92.91,110.3,-59.3,1.0673,100,1,178,81,0,0,0,0,0,0,0,0,0,0,0,9.1381e-12,9.0989,5.0922e-11,5.8242e-12
35379,1220.5,-406.8,591.1,-406.8,1.0851,100,1,1220.5,1125.7,0,0,0,0,0,0,0,0,0,0,0,62.799,9.3502e-12,8.8827e-13,0.00037645
35382,23.9,2.043,11.6,-8,1.076,100,1,23.9,5,0,0,0,0,0,0,0,0,0,0,0,51.583,4.6899e-11,9.1429e-11,8.9504e-11
35382,23.9,2.043,11.6,-8,1.076,100,1,23.9,5,0,0,0,0,0,0,0,0,0,0,0,51.903,4.6899e-11,9.1429e-11,8.9504e-11
35382,23.9,2.043,11.6,-8,1.076,100,1,23.9,5,0,0,0,0,0,0,0,0,0,0,0,50.233,4.6899e-11,9.1429e-11,8.9504e-11
35382,23.9,2.043,11.6,-8,1.076,100,1,23.9,5,0,0,0,0,0,0,0,0,0,0,0,49.003,4.6899e-11,9.1429e-11,8.9504e-11
35382,23.9,2.043,11.6,-8,1.076,100,1,23.9,5,0,0,0,0,0,0,0,0,0,0,0,50.143,4.6899e-11,9.1429e-11,8.9504e-11
35382,23.9,2.043,11.6,-8,1.076,100,1,23.9,5,0,0,0,0,0,0,0,0,0,0,0,50.793,4.6899e-11,9.1429e-11,8.9504e-11
35382,330,47.349,159.8,-110,1.076,100,1,330,168,0,0,0,0,0,0,0,0,0,0,0,47.873,5.4716e-12,7.6826e-12,5.7575e-12
35382,330,62.277,195.8,-110,1.076,100,1,330,168,0,0,0,0,0,0,0,0,0,0,0,47.873,5.4716e-12,6.8986e-12,4.9736e-12
35382,84.5,9.1679,40.9,-28.2,1.076,100,1,84.5,60,0,0,0,0,0,0,0,0,0,0,0,44.433,3.618e-11,2.6676e-11,2.4751e-11
35385,70,-22.595,89.8,-61.8,1.081,100,1,185.4,70,0,0,0,0,0,0,0,0,0,0,0,7.6811e-12,10.781,7.8868e-12,2.2607e-11
35385,70,-23.989,92.6,-63.7,1.081,100,1,191.2,70,0,0,0,0,0,0,0,0,0,0,0,7.3135e-12,2.8711,7.6026e-12,2.2323e-11
35385,70,-23.989,92.6,-63.7,1.081,100,1,191.2,70,0,0,0,0,0,0,0,0,0,0,0,7.3135e-12,0.96114,7.6026e-12,2.2323e-11
35387,84.5,17.463,40.9,-28.2,1.0851,100,1,84.5,60,0,0,0,0,0,0,0,0,0,0,0,47.399,3.618e-11,3.86e-11,1.9217e-11
35387,86.2,17.994,41.7,-28.7,1.0851,100,1,86.2,60,0,0,0,0,0,0,0,0,0,0,0,49.809,3.3832e-11,3.8175e-11,1.8791e-11
35387,86.2,17.994,41.7,-28.7,1.0851,100,1,86.2,60,0,0,0,0,0,0,0,0,0,0,0,49.119,3.3832e-11,3.8175e-11,1.8791e-11
35387,86.2,17.994,41.7,-28.7,1.0851,100,1,86.2,60,0,0,0,0,0,0,0,0,0,0,0,49.349,3.3832e-11,3.8175e-11,1.8791e-11
35387,86.2,17.994,41.7,-28.7,1.0851,100,1,86.2,60,0,0,0,0,0,0,0,0,0,0,0,49.179,3.3832e-11,3.8175e-11,1.8791e-11
35387,257.6,91.482,124.8,-85.9,1.0851,100,1,257.6,96.8,0,0,0,0,0,0,0,0,0,0,0,42.308,5.5124e-12,2.4461e-11,5.0778e-12
35387,84.5,17.463,40.9,-28.2,1.0851,100,1,84.5,60,0,0,0,0,0,0,0,0,0,0,0,49.749,3.618e-11,3.86e-11,1.9217e-11
35389,118,-15.421,57.2,-39.3,1.0824,100,1,118,84,0,0,0,0,0,0,0,0,0,0,0,41.556,2.6071e-11,1.2205e-11,3.7125e-11
35389,118,-15.421,57.2,-39.3,1.0824,100,1,118,84,0,0,0,0,0,0,0,0,0,0,0,41.036,2.6071e-11,1.2205e-11,3.7125e-11
35389,112,-13.933,54.2,-37.3,1.0824,100,1,112,75,0,0,0,0,0,0,0,0,0,0,0,40.636,2.3957e-11,1.301e-11,3.793e-11
35389,112,-13.933,54.2,-37.3,1.0824,100,1,112,75,0,0,0,0,0,0,0,0,0,0,0,40.636,2.3957e-11,1.301e-11,3.793e-11
35391,21.067,6.933,6.933,-6.933,1.0684,100,1,21.067,2,0,0,0,0,0,0,0,0,0,0,0,35.235,4.6489e-11,0.24615,6.3926e-11
35391,21.067,6.933,6.933,-6.933,1.0684,100,1,21.067,2,0,0,0,0,0,0,0,0,0,0,0,35.235,4.6489e-11,0.24615,6.3926e-11
35391,21.067,6.933,6.933,-6.933,1.0684,100,1,21.067,2,0,0,0,0,0,0,0,0,0,0,0,35.235,4.6489e-11,0.24615,6.3926e-11
35391,25,8.2,8.2,-8.2,1.0684,100,1,25,2,0,0,0,0,0,0,0,0,0,0,0,27.885,3.8539e-11,0.24615,5.4049e-11
35394,52.2,24.65,39.2,-17.4,1.0887,100,1,52.2,35,0,0,0,0,0,0,0,0,0,0,0,62.257,5.1535e-11,6.0921e-11,2.108e-11
35394,52.2,24.65,39.2,-17.4,1.0887,100,1,52.2,35,0,0,0,0,0,0,0,0,0,0,0,62.257,5.1535e-11,6.0921e-11,2.108e-11
35394,52.2,24.65,39.2,-17.4,1.0887,100,1,52.2,35,0,0,0,0,0,0,0,0,0,0,0,62.257,5.1535e-11,6.0921e-11,2.108e-11
35396,16.6,7.9415,12.467,-5.533,1.0758,100,1,16.6,8,0,0,0,0,0,0,0,0,0,0,0,60.701,1.0307e-10,1.9587e-10,6.5784e-11
35396,16.6,7.9415,12.467,-5.533,1.0758,100,1,16.6,8,0,0,0,0,0,0,0,0,0,0,0,60.701,1.0307e-10,1.9587e-10,6.5784e-11
35396,16.6,7.9415,12.467,-5.533,1.0758,100,1,16.6,8,0,0,0,0,0,0,0,0,0,0,0,60.701,1.0307e-10,1.9587e-10,6.5784e-11
35397,45,-5.9122,21.8,-15,1.0808,100,1,45,18.7,0,0,0,0,0,0,0,0,0,0,0,59.536,3.3703e-11,3.1986e-11,9.7537e-11
35398,45,5.2264,21.8,-15,1.0464,100,1,45,45,0,0,0,0,0,0,0,0,0,0,0,72.397,0,5.3483e-11,4.3824e-11
35398,45,5.2264,21.8,-15,1.0464,100,1,45,45,0,0,0,0,0,0,0,0,0,0,0,72.397,0,5.3483e-11,4.3824e-11
35398,45,5.2264,21.8,-15,1.0464,100,1,45,45,0,0,0,0,0,0,0,0,0,0,0,72.397,0,5.3483e-11,4.3824e-11
35399,41.4,2.0183,20.1,-13.8,1.1,100,1,41.4,13.1,0,0,0,0,0,0,0,0,0,0,0,54.46,3.1322e-11,4.9023e-11,5.6035e-11
35399,52.2,2.16,25.3,-17.4,1.1,100,1,52.2,13.1,0,0,0,0,0,0,0,0,0,0,0,54.4,2.267e-11,3.8305e-11,4.5318e-11
35401,39.9,13.1,13.1,-13.1,1.0717,100,1,39.9,11.3,0,0,0,0,0,0,0,0,0,0,0,59.448,3.0993e-11,0.14069,3.3832e-11
35401,39.9,13.1,13.1,-13.1,1.0717,100,1,39.9,11.3,0,0,0,0,0,0,0,0,0,0,0,59.448,3.0993e-11,0.14069,3.3832e-11
35401,39.9,13.1,13.1,-13.1,1.0717,100,1,39.9,11.3,0,0,0,0,0,0,0,0,0,0,0,59.448,3.0993e-11,0.14069,3.3832e-11
35401,39.9,13.1,13.1,-13.1,1.0717,100,1,39.9,11.3,0,0,0,0,0,0,0,0,0,0,0,59.448,3.0993e-11,0.14069,3.3832e-11
35403,12,4.9085,5.8,-4,1.0566,100,1,12,12,0,0,0,0,0,0,0,0,0,0,0,71.716,0,9.9428e-10,9.95e-11
35403,12,4.9085,5.8,-4,1.0566,100,1,12,12,0,0,0,0,0,0,0,0,0,0,0,71.716,0,9.9428e-10,9.95e-11
35403,12,4.9085,5.8,-4,1.0566,100,1,12,12,0,0,0,0,0,0,0,0,0,0,0,71.716,0,9.9428e-10,9.95e-11
35406,16.85,5.2599,9.45,-5.6,1.0416,100,1,16.85,9,0,0,0,0,0,0,0,0,0,0,0,60.147,1.1292e-10,2.1155e-10,8.1621e-11
35406,16.85,5.2599,9.45,-5.6,1.0416,100,1,16.85,9,0,0,0,0,0,0,0,0,0,0,0,60.147,1.1292e-10,2.1155e-10,8.1621e-11
35408,33.3,10.966,16.1,-11.1,1.0462,100,1,33.3,33.3,0,0,0,0,0,0,0,0,0,0,0,72.611,0,1.7265e-10,4.0171e-11
35408,33.3,10.966,16.1,-11.1,1.0462,100,1,33.3,33.3,0,0,0,0,0,0,0,0,0,0,0,72.611,0,1.7265e-10,4.0171e-11
35408,33.3,10.966,16.1,-11.1,1.0462,100,1,33.3,33.3,0,0,0,0,0,0,0,0,0,0,0,72.611,0,1.7265e-10,4.0171e-11
35409,32.4,14.383,15.7,-10.8,1.0638,100,1,32.4,14.5,0,0,0,0,0,0,0,0,0,0,0,61.129,4.952e-11,6.7305e-10,3.5198e-11
35409,33.4,14.881,16.2,-11.1,1.0638,100,1,33.4,14.5,0,0,0,0,0,0,0,0,0,0,0,61.119,4.6899e-11,6.7197e-10,3.4117e-11
35409,34.6,15.478,16.8,-11.5,1.0638,100,1,34.6,14.5,0,0,0,0,0,0,0,0,0,0,0,61.109,4.4099e-11,6.7071e-10,3.2856e-11
35409,34.6,15.478,16.8,-11.5,1.0638,100,1,34.6,14.5,0,0,0,0,0,0,0,0,0,0,0,61.109,4.4099e-11,6.7071e-10,3.2856e-11
35410,31.5,8.1852,15.3,-10.5,1.0708,100,1,31.5,14.2,0,0,0,0,0,0,0,0,0,0,0,58,5.1237e-11,1.2455e-10,4.7444e-11
35410,36.5,10.113,17.7,-12.2,1.0708,100,1,36.5,14.2,0,0,0,0,0,0,0,0,0,0,0,57.97,3.9749e-11,1.1683e-10,3.9726e-11
35410,41.4,12.133,20.1,-13.8,1.0708,100,1,41.4,13,0,0,0,0,0,0,0,0,0,0,0,57.95,3.1211e-11,1.1128e-10,3.4178e-11
35410,41.4,12.133,20.1,-13.8,1.0708,100,1,41.4,13,0,0,0,0,0,0,0,0,0,0,0,57.95,3.1211e-11,1.1128e-10,3.4178e-11
35412,29.6,9.7,9.7,-9.7,1.039,100,1,29.6,19.7,0,0,0,0,0,0,0,0,0,0,0,64.621,8.9535e-11,0.19158,4.5691e-11
35412,38,12.5,12.5,-12.5,1.039,100,1,38,19.7,0,0,0,0,0,0,0,0,0,0,0,64.571,4.8437e-11,0.19158,3.5456e-11
35412,38.3,12.6,12.6,-12.6,1.039,100,1,38.3,19.7,0,0,0,0,0,0,0,0,0,0,0,64.571,4.7656e-11,0.19158,3.5175e-11
35413,28.8,8.1854,13.9,-9.6,1.0967,100,1,28.8,10.8,0,0,0,0,0,0,0,0,0,0,0,59.174,4.9244e-11,1.5511e-10,4.9839e-11
35415,28,11.814,13.6,-9.3,1.0703,100,1,28,28,0,0,0,0,0,0,0,0,0,0,0,73.334,0,4.964e-10,4.1981e-11
35416,27,10.7,10.7,-10.7,1.0751,100,1,27,0,0,0,0,0,0,0,0,0,0,0,0,73.574,3.283e-11,0.11211,4.1421e-11
35417,25,13.447,15.5,-8.3,1.0369,100,1,25,25,0,0,0,0,0,0,0,0,0,0,0,73.039,0,4.3169e-10,4.076e-11
35417,25,13.447,15.5,-8.3,1.0369,100,1,25,25,0,0,0,0,0,0,0,0,0,0,0,73.039,0,4.3169e-10,4.076e-11
35417,25,13.447,15.5,-8.3,1.0369,100,1,25,25,0,0,0,0,0,0,0,0,0,0,0,73.039,0,4.3169e-10,4.076e-11
35417,28.7,15.719,17.8,-9.6,1.0369,100,1,28.7,25,0,0,0,0,0,0,0,0,0,0,0,73.086,2.3957e-10,4.2594e-10,3.5009e-11
35418,25,6.385,8.2,-8.2,1.075,100,1,25,1,0,0,0,0,0,0,0,0,0,0,0,51.01,3.6933e-11,4.8836e-10,6.0775e-11
35419,24.3,6.2223,11.8,-8.1,1.0802,100,1,24.3,12.8,0,0,0,0,0,0,0,0,0,0,0,56.026,7.7078e-11,1.5894e-10,6.1886e-11
35419,24.3,6.2223,11.8,-8.1,1.0802,100,1,24.3,12.8,0,0,0,0,0,0,0,0,0,0,0,56.026,7.7078e-11,1.5894e-10,6.1886e-11
35419,27.4,7.4193,13.3,-9.1,1.0802,100,1,27.4,13.7,0,0,0,0,0,0,0,0,0,0,0,56.006,6.4701e-11,1.5071e-10,5.366e-11
35419,27.9,7.5751,13.5,-9.3,1.0802,100,1,27.9,13.7,0,0,0,0,0,0,0,0,0,0,0,56.006,6.2423e-11,1.4958e-10,5.253e-11
35420,11.5,4.9916,8.65,-3.85,1.0964,100,1,11.5,6,0,0,0,0,0,0,0,0,0,0,0,54.206,1.6116e-10,2.4229e-10,1.0025e-10
35420,11.5,4.9916,8.65,-3.85,1.0964,100,1,11.5,6,0,0,0,0,0,0,0,0,0,0,0,54.206,1.6116e-10,2.4229e-10,1.0025e-10
35421,50,12.586,16.4,-16.4,1.0852,100,1,50,2,0,0,0,0,0,0,0,0,0,0,0,29.815,1.8467e-11,2.3218e-10,3.0584e-11
35421,22.5,7.4956,10.9,-7.5,1.0852,100,1,22.5,2,0,0,0,0,0,0,0,0,0,0,0,26.095,4.3239e-11,2.6069e-10,5.9094e-11
35422,2,0.72844,0.973,-0.664,1.0679,100,1,2,0.4,0,0,0,0,0,0,0,0,0,0,0,76.634,5.54e-10,3.6245e-09,6.3658e-10
35422,2,0.72844,0.973,-0.664,1.0679,100,1,2,0.4,0,0,0,0,0,0,0,0,0,0,0,76.634,5.54e-10,3.6245e-09,6.3658e-10
35422,2,0.72844,0.973,-0.664,1.0679,100,1,2,0.4,0,0,0,0,0,0,0,0,0,0,0,76.634,5.54e-10,3.6245e-09,6.3658e-10
35422,2,0.72844,0.973,-0.664,1.0679,100,1,2,0.4,0,0,0,0,0,0,0,0,0,0,0,76.634,5.54e-10,3.6245e-09,6.3658e-10
35422,2,0.72844,0.973,-0.664,1.0679,100,1,2,0.4,0,0,0,0,0,0,0,0,0,0,0,76.634,5.54e-10,3.6245e-09,6.3658e-10
35422,2,0.72844,0.973,-0.664,1.0679,100,1,2,0.4,0,0,0,0,0,0,0,0,0,0,0,76.634,5.54e-10,3.6245e-09,6.3658e-10
35422,2,0.72844,0.973,-0.664,1.0679,100,1,2,0.4,0,0,0,0,0,0,0,0,0,0,0,76.634,5.54e-10,3.6245e-09,6.3658e-10
35422,2,0.72844,0.973,-0.664,1.0679,100,1,2,0.4,0,0,0,0,0,0,0,0,0,0,0,76.634,5.54e-10,3.6245e-09,6.3658e-10
35422,2,0.72844,0.973,-0.664,1.0679,100,1,2,0.4,0,0,0,0,0,0,0,0,0,0,0,76.634,5.54e-10,3.6245e-09,6.3658e-10
35422,2,0.72844,0.973,-0.664,1.0679,100,1,2,0.4,0,0,0,0,0,0,0,0,0,0,0,76.634,5.54e-10,3.6245e-09,6.3658e-10
35422,2,0.72844,0.973,-0.664,1.0679,100,1,2,0.4,0,0,0,0,0,0,0,0,0,0,0,76.634,5.54e-10,3.6245e-09,6.3658e-10
75435,704,-3.4124,341,-234.7,1.0776,100,1,704,404,0,0,0,0,0,0,0,0,0,0,0,49.784,2.9547e-12,2.5737e-12,3.8324e-12
75435,704,-3.4124,341,-234.7,1.0776,100,1,704,401,0,0,0,0,0,0,0,0,0,0,0,49.784,2.9254e-12,2.5737e-12,3.8324e-12
75439,80,-57.978,123.3,-66.3,1.0897,100,1,220,80,0,0,0,0,0,0,0,0,0,0,0,6.3314e-12,9.1023,4.8897e-12,1.0652e-10
75439,80,-57.978,123.3,-66.3,1.0897,100,1,199,80,0,0,0,0,0,0,0,0,0,0,0,7.4487e-12,5.1623,4.8897e-12,1.0652e-10
75439,80,-57.978,123.3,-66.3,1.0897,100,1,199,80,0,0,0,0,0,0,0,0,0,0,0,7.4487e-12,15.212,4.8897e-12,1.0652e-10
75439,80,-57.978,123.3,-66.3,1.0897,100,1,199,80,0,0,0,0,0,0,0,0,0,0,0,7.4487e-12,8.5623,4.8897e-12,1.0652e-10
75439,80,-57.978,123.3,-66.3,1.0897,100,1,199,80,0,0,0,0,0,0,0,0,0,0,0,7.4487e-12,12.582,4.8897e-12,1.0652e-10
75444,509.4,-67.439,246.7,-169.8,1.0861,100,1,509.4,300,0,0,0,0,0,0,0,0,0,0,0,55.382,4.233e-12,2.8217e-12,8.6595e-12
75446,462.6,144.48,224,-154.2,1.0876,100,1,462.6,170,0,0,0,0,0,0,0,0,0,0,0,53.619,3.0294e-12,1.1139e-11,2.9683e-12
75446,543.6,179.81,263.3,-181.2,1.0876,100,1,543.6,175,0,0,0,0,0,0,0,0,0,0,0,54.427,2.4048e-12,1.0625e-11,2.4549e-12
75450,329.4,-12.202,204.1,-109.8,1.0868,100,1,329.4,180,0,0,0,0,0,0,0,0,0,0,0,54.183,5.9331e-12,4.098e-12,9.0821e-12
75450,329.4,-12.202,204.1,-109.8,1.0868,100,1,329.4,180,0,0,0,0,0,0,0,0,0,0,0,54.183,5.9331e-12,4.098e-12,9.0821e-12
75450,357.6,-28.324,104.3,-104.3,1.0868,100,1,357.6,145,0,0,0,0,0,0,0,0,0,0,0,52.579,4.1693e-12,6.6833e-12,1.1667e-11
75450,592.1,-70.057,172.7,-172.7,1.0868,100,1,592.1,280,0,0,0,0,0,0,0,0,0,0,0,54.873,2.8401e-12,3.6514e-12,8.6356e-12
75453,293,25.866,141.9,-97.7,1.0946,100,1,293,161,0,0,0,0,0,0,0,0,0,0,0,52.278,6.7152e-12,7.6391e-12,7.1735e-12
75453,293,25.866,141.9,-97.7,1.0946,100,1,293,105,0,0,0,0,0,0,0,0,0,0,0,52.498,4.7149e-12,7.6391e-12,7.1735e-12
75454,280.5,-93.5,173.8,-93.5,1.0872,100,1,280.5,100,0,0,0,0,0,0,0,0,0,0,0,56.234,4.9108e-12,3.3161e-12,0.28603
75456,120,-76.7,142.5,-76.7,1.0878,100,1,230,120,0,0,0,0,0,0,0,0,0,0,0,8.0582e-12,4.7426,4.0438e-12,0.29696
75459,208,128.9,128.9,-69.3,1.0844,100,1,208,117,0,0,0,0,0,0,0,0,0,0,0,1.1517,9.7407e-12,0.016108,4.4723e-12
75462,205,16.368,99.3,-68.3,1.0944,100,1,205,120,0,0,0,0,0,0,0,0,0,0,0,48.28,1.0428e-11,1.0688e-11,1.0469e-11
75462,200,15.928,96.9,-66.7,1.0944,100,1,200,95,0,0,0,0,0,0,0,0,0,0,0,53.83,8.4419e-12,1.0947e-11,1.0728e-11
75463,192,2.6307,93,-64,1.096,100,1,192,68,0,0,0,0,0,0,0,0,0,0,0,52.796,7.1484e-12,9.8095e-12,1.3302e-11
75463,205,11.218,127,-68.3,1.096,100,1,205,65,0,0,0,0,0,0,0,0,0,0,0,49.816,6.3314e-12,7.6555e-12,1.1148e-11
75463,205,11.218,127,-68.3,1.096,100,1,205,50,0,0,0,0,0,0,0,0,0,0,0,49.906,5.7187e-12,7.6555e-12,1.1148e-11
75464,175,6.4067,84.8,-58.3,1.097,100,1,175,51,0,0,0,0,0,0,0,0,0,0,0,47.28,7.1484e-12,1.1307e-11,1.3699e-11
75464,175,6.4067,84.8,-58.3,1.097,100,1,175,68.25,0,0,0,0,0,0,0,0,0,0,0,47.17,8.3035e-12,1.1307e-11,1.3699e-11
75464,175,6.4067,84.8,-58.3,1.097,100,1,175,51,0,0,0,0,0,0,0,0,0,0,0,47.28,7.1484e-12,1.1307e-11,1.3699e-11
75464,175,6.4067,84.8,-58.3,1.097,100,1,175,51,0,0,0,0,0,0,0,0,0,0,0,47.28,7.1484e-12,1.1307e-11,1.3699e-11
75464,175,6.4067,84.8,-58.3,1.097,100,1,175,51,0,0,0,0,0,0,0,0,0,0,0,47.28,7.1484e-12,1.1307e-11,1.3699e-11
75464,175,6.4067,84.8,-58.3,1.097,100,1,175,51,0,0,0,0,0,0,0,0,0,0,0,47.28,7.1484e-12,1.1307e-11,1.3699e-11
75464,175,6.4067,84.8,-58.3,1.097,100,1,175,51,0,0,0,0,0,0,0,0,0,0,0,47.28,7.1484e-12,1.1307e-11,1.3699e-11
75464,175,6.4067,84.8,-58.3,1.097,100,1,175,51,0,0,0,0,0,0,0,0,0,0,0,47.28,7.1484e-12,1.1307e-11,1.3699e-11
75464,175,6.4067,84.8,-58.3,1.097,100,1,175,51,0,0,0,0,0,0,0,0,0,0,0,47.28,7.1484e-12,1.1307e-11,1.3699e-11
75464,175,6.4067,84.8,-58.3,1.097,100,1,175,51,0,0,0,0,0,0,0,0,0,0,0,47.28,7.1484e-12,1.1307e-11,1.3699e-11
75465,163.2,101.1,101.1,-54.4,1.089,100,1,163.2,65,0,0,0,0,0,0,0,0,0,0,0,53.816,9.0265e-12,0.021712,5.7003e-12
75465,209.4,129.8,129.8,-69.8,1.089,100,1,209.4,65,0,0,0,0,0,0,0,0,0,0,0,52.726,6.1385e-12,0.021712,4.4409e-12
75468,179.5,16.645,111.2,-59.8,1.0954,100,1,179.5,64,0,0,0,0,0,0,0,0,0,0,0,50.876,7.6745e-12,9.3743e-12,1.1596e-11
75468,464,-7.8053,224.7,-154.7,1.0954,100,1,464,155,0,0,0,0,0,0,0,0,0,0,0,50.311,2.8686e-12,3.8126e-12,6.0338e-12
75468,113.6,12.594,70.4,-37.9,1.0954,100,1,113.6,36,0,0,0,0,0,0,0,0,0,0,0,51.166,1.1423e-11,1.5334e-11,1.7555e-11
75468,123,13.321,76.2,-41,1.0954,100,1,123,50,0,0,0,0,0,0,0,0,0,0,0,52.076,1.2142e-11,1.4097e-11,1.6318e-11
75468,126,13.558,78.1,-42,1.0954,100,1,126,50,0,0,0,0,0,0,0,0,0,0,0,49.936,1.1663e-11,1.3734e-11,1.5955e-11
75468,126,13.558,78.1,-42,1.0954,100,1,126,50,0,0,0,0,0,0,0,0,0,0,0,49.416,1.1663e-11,1.3734e-11,1.5955e-11
75468,126,13.558,78.1,-42,1.0954,100,1,126,50,0,0,0,0,0,0,0,0,0,0,0,50.146,1.1663e-11,1.3734e-11,1.5955e-11
75468,126,13.558,78.1,-42,1.0954,100,1,126,50,0,0,0,0,0,0,0,0,0,0,0,49.386,1.1663e-11,1.3734e-11,1.5955e-11
75468,105,16.555,109.6,-58.9,1.0954,100,1,220,105,0,0,0,0,0,0,0,0,0,0,0,7.7078e-12,5.3136,9.5264e-12,1.1748e-11
75468,90,16.555,109.6,-58.9,1.0954,100,1,200,90,0,0,0,0,0,0,0,0,0,0,0,8.0582e-12,1.0236,9.5264e-12,1.1748e-11
75471,113.6,-45.6,45.6,-45.6,1.08,100,1,113.6,30,0,0,0,0,0,0,0,0,0,0,0,52.96,1.0603e-11,9.7193e-12,0.1272
75471,230.4,-85.1,85.1,-85.1,1.08,100,1,230.4,100,0,0,0,0,0,0,0,0,0,0,0,56.85,6.7975e-12,5.208e-12,0.1272
75474,98,-1.1976,47.5,-32.7,1.0716,100,1,98,55,0,0,0,0,0,0,0,0,0,0,0,50.908,2.0614e-11,1.8204e-11,2.8133e-11
75474,98,-1.1976,47.5,-32.7,1.0716,100,1,98,55,0,0,0,0,0,0,0,0,0,0,0,51.548,2.0614e-11,1.8204e-11,2.8133e-11
75474,108,-2.1741,52.3,-36,1.0716,100,1,108,55,0,0,0,0,0,0,0,0,0,0,0,51.128,1.6725e-11,1.6273e-11,2.6202e-11
75474,108,-2.1741,52.3,-36,1.0716,100,1,108,55,0,0,0,0,0,0,0,0,0,0,0,51.938,1.6725e-11,1.6273e-11,2.6202e-11
75474,98,2.5208,60.7,-32.7,1.0716,100,1,98,30,0,0,0,0,0,0,0,0,0,0,0,52.128,1.3035e-11,1.5236e-11,2.5165e-11
75474,98,2.5208,60.7,-32.7,1.0716,100,1,98,0,0,0,0,0,0,0,0,0,0,0,0,53.558,9.0449e-12,1.5236e-11,2.5165e-11
75474,3,-7.5656,72.2,-49.7,1.0716,100,1,149,3,0,0,0,0,0,0,0,0,0,0,0,6.0712e-12,1.172,1.1112e-11,2.1041e-11
75474,3,-7.5656,72.2,-49.7,1.0716,100,1,149,3,0,0,0,0,0,0,0,0,0,0,0,6.0712e-12,3.352,1.1112e-11,2.1041e-11
75474,50.221,-7.5656,72.2,-49.7,1.0716,100,1,220,3,0,0,0,0,0,0,0,0,0,0,0,5.2209e-12,1.8771e-11,1.1112e-11,2.1041e-11
75476,88,34.273,42.6,-29.3,1.0911,100,1,88,15,0,0,0,0,0,0,0,0,0,0,0,30.076,1.2142e-11,1.0645e-10,1.3943e-11
75477,86,1.6119,41.7,-28.7,1.0899,100,1,86,45,0,0,0,0,0,0,0,0,0,0,0,45.693,2.162e-11,2.2111e-11,2.9243e-11
75477,86,1.6119,41.7,-28.7,1.0899,100,1,86,45,0,0,0,0,0,0,0,0,0,0,0,43.773,2.162e-11,2.2111e-11,2.9243e-11
75477,86,1.6119,41.7,-28.7,1.0899,100,1,86,45,0,0,0,0,0,0,0,0,0,0,0,45.593,2.162e-11,2.2111e-11,2.9243e-11
75477,86,1.6119,41.7,-28.7,1.0899,100,1,86,45,0,0,0,0,0,0,0,0,0,0,0,41.893,2.162e-11,2.2111e-11,2.9243e-11
75477,86,1.6119,41.7,-28.7,1.0899,100,1,86,45,0,0,0,0,0,0,0,0,0,0,0,41.773,2.162e-11,2.2111e-11,2.9243e-11
75477,86,1.6119,41.7,-28.7,1.0899,100,1,86,45,0,0,0,0,0,0,0,0,0,0,0,44.813,2.162e-11,2.2111e-11,2.9243e-11
75477,86,1.6119,41.7,-28.7,1.0899,100,1,86,45,0,0,0,0,0,0,0,0,0,0,0,43.663,2.162e-11,2.2111e-11,2.9243e-11
75477,86,1.6119,41.7,-28.7,1.0899,100,1,86,45,0,0,0,0,0,0,0,0,0,0,0,44.433,2.162e-11,2.2111e-11,2.9243e-11
75479,60,8.9113,37.2,-20,1.0859,100,1,60,15,0,0,0,0,0,0,0,0,0,0,0,50.808,1.9698e-11,3.1334e-11,3.0659e-11
75479,60,8.9113,37.2,-20,1.0859,100,1,60,15,0,0,0,0,0,0,0,0,0,0,0,50.558,1.9698e-11,3.1334e-11,3.0659e-11
75484,32.5,2.5077,15.7,-10.8,1.0914,100,1,32.5,32.5,0,0,0,0,0,0,0,0,0,0,0,69.652,0,6.7191e-11,6.6608e-11
75484,32.5,2.5077,15.7,-10.8,1.0914,100,1,32.5,32.5,0,0,0,0,0,0,0,0,0,0,0,69.652,0,6.7191e-11,6.6608e-11
75484,32.5,2.5077,15.7,-10.8,1.0914,100,1,32.5,32.5,0,0,0,0,0,0,0,0,0,0,0,69.652,0,6.7191e-11,6.6608e-11
75484,32.5,2.5077,15.7,-10.8,1.0914,100,1,32.5,32.5,0,0,0,0,0,0,0,0,0,0,0,69.652,0,6.7191e-11,6.6608e-11
75485,9.4,4.2428,7.067,-3.133,1.0956,100,1,9.4,2,0,0,0,0,0,0,0,0,0,0,0,62.51,1.1978e-10,3.1387e-10,1.2018e-10
75485,9.4,4.2428,7.067,-3.133,1.0956,100,1,9.4,2,0,0,0,0,0,0,0,0,0,0,0,62.51,1.1978e-10,3.1387e-10,1.2018e-10
75485,9.4,4.2428,7.067,-3.133,1.0956,100,1,9.4,2,0,0,0,0,0,0,0,0,0,0,0,62.51,1.1978e-10,3.1387e-10,1.2018e-10
75486,81,17.663,50.2,-27,1.0834,100,1,81,24,0,0,0,0,0,0,0,0,0,0,0,52.084,1.5551e-11,2.724e-11,1.9848e-11
75486,81,17.663,50.2,-27,1.0834,100,1,81,24,0,0,0,0,0,0,0,0,0,0,0,52.084,1.5551e-11,2.724e-11,1.9848e-11
75486,27,4.5339,16.7,-9,1.0834,100,1,27,7,0,0,0,0,0,0,0,0,0,0,0,52.964,4.432e-11,7.2874e-11,6.5482e-11
75486,27,4.5339,16.7,-9,1.0834,100,1,27,7,0,0,0,0,0,0,0,0,0,0,0,52.964,4.432e-11,7.2874e-11,6.5482e-11
75488,26.7,-4.7478,12.9,-8.9,1.0868,100,1,26.7,3,0,0,0,0,0,0,0,0,0,0,0,48.076,3.7401e-11,5.0227e-11,2.1348e-10
75489,20.7,9.7044,12.8,-6.9,1.0741,100,1,20.7,2,0,0,0,0,0,0,0,0,0,0,0,54.891,4.7401e-11,2.8634e-10,5.3384e-11
75489,20.7,9.7044,12.8,-6.9,1.0741,100,1,20.7,2,0,0,0,0,0,0,0,0,0,0,0,55.461,4.7401e-11,2.8634e-10,5.3384e-11
75489,20.7,9.7044,12.8,-6.9,1.0741,100,1,20.7,2,0,0,0,0,0,0,0,0,0,0,0,55.741,4.7401e-11,2.8634e-10,5.3384e-11
75491,1300,169.46,629.6,-433.3,1.0834,100,1,1300,650,0,0,0,0,0,0,0,0,0,0,0,60.3,1.3637e-12,1.9264e-12,1.4706e-12
75491,1300,169.46,629.6,-433.3,1.0834,100,1,1300,650,0,0,0,0,0,0,0,0,0,0,0,60.3,1.3637e-12,1.9264e-12,1.4706e-12
75493,1269.9,-144.21,615,-423.3,1.0861,100,1,1269.9,1123,0,0,0,0,0,0,0,0,0,0,0,66.402,6.034e-12,1.1675e-12,3.176e-12
75495,1220.5,423.2,591.1,-406.8,1.0852,100,1,1220.5,1152,0,0,0,0,0,0,0,0,0,0,0,68.016,1.294e-11,5.2792e-12,1.068e-12
75499,950,33.877,344.8,-344.8,1.0784,100,1,950,572,0,0,0,0,0,0,0,0,0,0,0,54.481,2.345e-12,2.8509e-12,2.3408e-12
75503,428.4,76.634,207.5,-142.8,1.0974,100,1,428.4,300,0,0,0,0,0,0,0,0,0,0,0,42.632,6.9034e-12,6.7733e-12,4.0395e-12
75503,428.4,76.634,207.5,-142.8,1.0974,100,1,428.4,300,0,0,0,0,0,0,0,0,0,0,0,42.632,6.9034e-12,6.7733e-12,4.0395e-12
75503,428.4,76.634,207.5,-142.8,1.0974,100,1,428.4,300,0,0,0,0,0,0,0,0,0,0,0,42.632,6.9034e-12,6.7733e-12,4.0395e-12
75503,428.4,76.634,207.5,-142.8,1.0974,100,1,428.4,40,0,0,0,0,0,0,0,0,0,0,0,42.113,2.2822e-12,6.7733e-12,4.0395e-12
75505,23.9,11.6,11.6,-8,1.0761,100,1,23.9,5,0,0,0,0,0,0,0,0,0,0,0,52.553,4.6899e-11,0.0001774,4.5223e-11
75505,23.9,11.6,11.6,-8,1.0761,100,1,23.9,5,0,0,0,0,0,0,0,0,0,0,0,51.593,4.6899e-11,0.0001774,4.5223e-11
75505,59.6,28.9,28.9,-19.9,1.0761,100,1,59.6,10,0,0,0,0,0,0,0,0,0,0,0,49.203,1.7871e-11,0.0001774,1.8164e-11
75505,59.6,28.9,28.9,-19.9,1.0761,100,1,59.6,10,0,0,0,0,0,0,0,0,0,0,0,51.423,1.7871e-11,0.0001774,1.8164e-11
75505,59.6,28.9,28.9,-19.9,1.0761,100,1,59.6,10,0,0,0,0,0,0,0,0,0,0,0,51.433,1.7871e-11,0.0001774,1.8164e-11
75505,23.9,11.6,11.6,-8,1.0761,100,1,23.9,5,0,0,0,0,0,0,0,0,0,0,0,50.133,4.6899e-11,0.0001774,4.5223e-11
75505,59.6,28.9,28.9,-19.9,1.0761,100,1,59.6,10,0,0,0,0,0,0,0,0,0,0,0,49.583,1.7871e-11,0.0001774,1.8164e-11
75505,330,195.8,195.8,-110,1.0761,100,1,330,168,0,0,0,0,0,0,0,0,0,0,0,49.693,5.4716e-12,0.0001774,2.8986e-12
75505,23.9,11.6,11.6,-8,1.0761,100,1,23.9,5,0,0,0,0,0,0,0,0,0,0,0,51.293,4.6899e-11,0.0001774,4.5223e-11
75505,23.9,11.6,11.6,-8,1.0761,100,1,23.9,5,0,0,0,0,0,0,0,0,0,0,0,52.613,4.6899e-11,0.0001774,4.5223e-11
75505,23.9,11.6,11.6,-8,1.0761,100,1,23.9,5,0,0,0,0,0,0,0,0,0,0,0,51.923,4.6899e-11,0.0001774,4.5223e-11
75505,23.9,11.6,11.6,-8,1.0761,100,1,23.9,5,0,0,0,0,0,0,0,0,0,0,0,52.423,4.6899e-11,0.0001774,4.5223e-11
75505,23.9,11.6,11.6,-8,1.0761,100,1,23.9,5,0,0,0,0,0,0,0,0,0,0,0,51.663,4.6899e-11,0.0001774,4.5223e-11
75505,23.9,11.6,11.6,-8,1.0761,100,1,23.9,5,0,0,0,0,0,0,0,0,0,0,0,51.773,4.6899e-11,0.0001774,4.5223e-11
75505,23.9,11.6,11.6,-8,1.0761,100,1,23.9,5,0,0,0,0,0,0,0,0,0,0,0,51.933,4.6899e-11,0.0001774,4.5223e-11
75507,200,-32.719,96.9,-66.7,1.0643,100,1,200,78,0,0,0,0,0,0,0,0,0,0,0,55.257,7.2656e-12,6.8372e-12,2.6103e-11
75507,200,-32.719,96.9,-66.7,1.0643,100,1,200,78,0,0,0,0,0,0,0,0,0,0,0,55.257,7.2656e-12,6.8372e-12,2.6103e-11
75507,200,-30.42,141.7,-66.7,1.0643,100,1,200,78,0,0,0,0,0,0,0,0,0,0,0,55.257,7.2656e-12,5.1506e-12,2.4417e-11
75507,200,-30.42,141.7,-66.7,1.0643,100,1,200,78,0,0,0,0,0,0,0,0,0,0,0,55.257,7.2656e-12,5.1506e-12,2.4417e-11
75509,10.226,-3.411,7.621,-3.411,1.0662,100,1,10.226,1.816,0,0,0,0,0,0,0,0,0,0,0,57.249,1.054e-10,8.0348e-11,0.2174
75509,10.226,-3.411,7.621,-3.411,1.0662,100,1,10.226,1.816,0,0,0,0,0,0,0,0,0,0,0,57.249,1.054e-10,8.0348e-11,0.2174
75509,10.226,-3.411,7.621,-3.411,1.0662,100,1,10.226,1.816,0,0,0,0,0,0,0,0,0,0,0,57.249,1.054e-10,8.0348e-11,0.2174
75509,10.226,-3.411,7.621,-3.411,1.0662,100,1,10.226,1.816,0,0,0,0,0,0,0,0,0,0,0,57.249,1.054e-10,8.0348e-11,0.2174
75509,10.226,-3.411,7.621,-3.411,1.0662,100,1,10.226,1.816,0,0,0,0,0,0,0,0,0,0,0,57.249,1.054e-10,8.0348e-11,0.2174
75509,10.226,-3.411,7.621,-3.411,1.0662,100,1,10.226,1.816,0,0,0,0,0,0,0,0,0,0,0,57.249,1.054e-10,8.0348e-11,0.2174
75509,10.226,-3.411,7.621,-3.411,1.0662,100,1,10.226,1.816,0,0,0,0,0,0,0,0,0,0,0,57.249,1.054e-10,8.0348e-11,0.2174
75509,10.226,-3.411,7.621,-3.411,1.0662,100,1,10.226,1.816,0,0,0,0,0,0,0,0,0,0,0,57.249,1.054e-10,8.0348e-11,0.2174
75509,10.226,-3.411,7.621,-3.411,1.0662,100,1,10.226,1.816,0,0,0,0,0,0,0,0,0,0,0,57.249,1.054e-10,8.0348e-11,0.2174
75509,10.226,-3.411,7.621,-3.411,1.0662,100,1,10.226,1.816,0,0,0,0,0,0,0,0,0,0,0,57.249,1.054e-10,8.0348e-11,0.2174
75509,10.226,-3.411,7.621,-3.411,1.0662,100,1,10.226,1.816,0,0,0,0,0,0,0,0,0,0,0,57.249,1.054e-10,8.0348e-11,0.2174
75509,10.226,-3.411,7.621,-3.411,1.0662,100,1,10.226,1.816,0,0,0,0,0,0,0,0,0,0,0,57.249,1.054e-10,8.0348e-11,0.2174
75509,10.226,-3.411,7.621,-3.411,1.0662,100,1,10.226,1.816,0,0,0,0,0,0,0,0,0,0,0,57.249,1.054e-10,8.0348e-11,0.2174
75509,10.226,-3.411,7.621,-3.411,1.0662,100,1,10.226,1.816,0,0,0,0,0,0,0,0,0,0,0,57.249,1.054e-10,8.0348e-11,0.2174
75509,10.226,-3.411,7.621,-3.411,1.0662,100,1,10.226,1.816,0,0,0,0,0,0,0,0,0,0,0,57.249,1.054e-10,8.0348e-11,0.2174
75509,10.226,-3.411,7.621,-3.411,1.0662,100,1,10.226,1.816,0,0,0,0,0,0,0,0,0,0,0,57.249,1.054e-10,8.0348e-11,0.2174
75509,10.226,-3.411,7.621,-3.411,1.0662,100,1,10.226,1.816,0,0,0,0,0,0,0,0,0,0,0,57.249,1.054e-10,8.0348e-11,0.2174
75509,10.226,-3.411,7.621,-3.411,1.0662,100,1,10.226,1.816,0,0,0,0,0,0,0,0,0,0,0,57.249,1.054e-10,8.0348e-11,0.2174
75509,10.226,-3.411,7.621,-3.411,1.0662,100,1,10.226,1.816,0,0,0,0,0,0,0,0,0,0,0,57.249,1.054e-10,8.0348e-11,0.2174
75512,200,35.081,96.9,-66.7,1.0996,100,1,200,73,0,0,0,0,0,0,0,0,0,0,0,53.848,6.9795e-12,1.4339e-11,8.7089e-12
75512,200,35.081,96.9,-66.7,1.0996,100,1,200,73,0,0,0,0,0,0,0,0,0,0,0,53.848,6.9795e-12,1.4339e-11,8.7089e-12
75512,200,35.081,96.9,-66.7,1.0996,100,1,200,73,0,0,0,0,0,0,0,0,0,0,0,53.848,6.9795e-12,1.4339e-11,8.7089e-12
75512,175,28.745,84.8,-58.3,1.0996,100,1,175,55,0,0,0,0,0,0,0,0,0,0,0,53.198,7.3867e-12,1.5813e-11,1.0183e-11
75512,175,28.745,84.8,-58.3,1.0996,100,1,175,55,0,0,0,0,0,0,0,0,0,0,0,53.198,7.3867e-12,1.5813e-11,1.0183e-11
75512,175,28.745,84.8,-58.3,1.0996,100,1,175,55,0,0,0,0,0,0,0,0,0,0,0,53.198,7.3867e-12,1.5813e-11,1.0183e-11
75512,175,28.745,84.8,-58.3,1.0996,100,1,175,55,0,0,0,0,0,0,0,0,0,0,0,53.198,7.3867e-12,1.5813e-11,1.0183e-11
75513,173.4,-57.8,84,-57.8,1.085,100,1,173.4,78.2,0,0,0,0,0,0,0,0,0,0,0,47.249,9.3109e-12,6.251e-12,0.00035447
75513,173.4,-57.8,84,-57.8,1.085,100,1,173.4,78.2,0,0,0,0,0,0,0,0,0,0,0,47.409,9.3109e-12,6.251e-12,0.00035447
75513,84.5,-28.2,40.9,-28.2,1.085,100,1,84.5,60,0,0,0,0,0,0,0,0,0,0,0,44.517,3.618e-11,1.2828e-11,0.00035447
75513,84.5,-28.2,40.9,-28.2,1.085,100,1,84.5,60,0,0,0,0,0,0,0,0,0,0,0,42.047,3.618e-11,1.2828e-11,0.00035447
75513,84.5,-28.2,40.9,-28.2,1.085,100,1,84.5,60,0,0,0,0,0,0,0,0,0,0,0,45.007,3.618e-11,1.2828e-11,0.00035447
75513,84.5,-28.2,40.9,-28.2,1.085,100,1,84.5,60,0,0,0,0,0,0,0,0,0,0,0,43.157,3.618e-11,1.2828e-11,0.00035447
75513,84.5,-28.2,40.9,-28.2,1.085,100,1,84.5,60,0,0,0,0,0,0,0,0,0,0,0,44.837,3.618e-11,1.2828e-11,0.00035447
75516,125,-4.4321,60.5,-41.7,1.065,100,1,125,60,0,0,0,0,0,0,0,0,0,0,0,49.16,1.3637e-11,1.3652e-11,2.3783e-11
75516,172.8,-11.951,83.7,-57.6,1.065,100,1,172.8,67.392,0,0,0,0,0,0,0,0,0,0,0,50.71,8.4092e-12,9.2705e-12,1.9402e-11
75516,84.5,-0.21547,40.9,-28.2,1.065,100,1,84.5,56,0,0,0,0,0,0,0,0,0,0,0,41.03,3.1102e-11,2.1554e-11,3.1686e-11
75516,84.5,-0.21547,40.9,-28.2,1.065,100,1,84.5,56,0,0,0,0,0,0,0,0,0,0,0,39.66,3.1102e-11,2.1554e-11,3.1686e-11
75516,84.5,-0.21547,40.9,-28.2,1.065,100,1,84.5,56,0,0,0,0,0,0,0,0,0,0,0,42.71,3.1102e-11,2.1554e-11,3.1686e-11
75516,84.5,-0.21547,40.9,-28.2,1.065,100,1,84.5,56,0,0,0,0,0,0,0,0,0,0,0,39.54,3.1102e-11,2.1554e-11,3.1686e-11
75516,68,0.79853,32.9,-22.7,1.065,100,1,68,25,0,0,0,0,0,0,0,0,0,0,0,42.41,2.0614e-11,2.7605e-11,3.7736e-11
75516,68,0.79853,32.9,-22.7,1.065,100,1,68,25,0,0,0,0,0,0,0,0,0,0,0,41.27,2.0614e-11,2.7605e-11,3.7736e-11
75516,68,0.79853,32.9,-22.7,1.065,100,1,68,25,0,0,0,0,0,0,0,0,0,0,0,39.01,2.0614e-11,2.7605e-11,3.7736e-11
75516,68,0.79853,32.9,-22.7,1.065,100,1,68,25,0,0,0,0,0,0,0,0,0,0,0,40.92,2.0614e-11,2.7605e-11,3.7736e-11
75516,68,0.79853,32.9,-22.7,1.065,100,1,68,25,0,0,0,0,0,0,0,0,0,0,0,39.77,2.0614e-11,2.7605e-11,3.7736e-11
75516,125,-4.4321,60.5,-41.7,1.065,100,1,125,60,0,0,0,0,0,0,0,0,0,0,0,49.16,1.3637e-11,1.3652e-11,2.3783e-11
75516,68,0.79853,32.9,-22.7,1.065,100,1,68,25,0,0,0,0,0,0,0,0,0,0,0,43.11,2.0614e-11,2.7605e-11,3.7736e-11
75516,68,0.79853,32.9,-22.7,1.065,100,1,68,25,0,0,0,0,0,0,0,0,0,0,0,41.8,2.0614e-11,2.7605e-11,3.7736e-11
75516,68,0.79853,32.9,-22.7,1.065,100,1,68,25,0,0,0,0,0,0,0,0,0,0,0,39.24,2.0614e-11,2.7605e-11,3.7736e-11
75516,68,0.79853,32.9,-22.7,1.065,100,1,68,25,0,0,0,0,0,0,0,0,0,0,0,41.25,2.0614e-11,2.7605e-11,3.7736e-11
75516,68,0.79853,32.9,-22.7,1.065,100,1,68,25,0,0,0,0,0,0,0,0,0,0,0,40.38,2.0614e-11,2.7605e-11,3.7736e-11
75516,68,0.79853,32.9,-22.7,1.065,100,1,68,25,0,0,0,0,0,0,0,0,0,0,0,43.13,2.0614e-11,2.7605e-11,3.7736e-11
75516,68,0.79853,32.9,-22.7,1.065,100,1,68,25,0,0,0,0,0,0,0,0,0,0,0,40.42,2.0614e-11,2.7605e-11,3.7736e-11
75516,68,0.79853,32.9,-22.7,1.065,100,1,68,25,0,0,0,0,0,0,0,0,0,0,0,40.1,2.0614e-11,2.7605e-11,3.7736e-11
75516,68,0.79853,32.9,-22.7,1.065,100,1,68,25,0,0,0,0,0,0,0,0,0,0,0,41.98,2.0614e-11,2.7605e-11,3.7736e-11
75516,68,0.79853,32.9,-22.7,1.065,100,1,68,25,0,0,0,0,0,0,0,0,0,0,0,43.07,2.0614e-11,2.7605e-11,3.7736e-11
75516,125,-4.4321,60.5,-41.7,1.065,100,1,125,60,0,0,0,0,0,0,0,0,0,0,0,49.16,1.3637e-11,1.3652e-11,2.3783e-11
75516,68,0.79853,32.9,-22.7,1.065,100,1,68,25,0,0,0,0,0,0,0,0,0,0,0,42.93,2.0614e-11,2.7605e-11,3.7736e-11
75516,125,-4.4321,60.5,-41.7,1.065,100,1,125,60,0,0,0,0,0,0,0,0,0,0,0,49.16,1.3637e-11,1.3652e-11,2.3783e-11
75516,147,-7.5701,71.2,-49,1.065,100,1,147,58,0,0,0,0,0,0,0,0,0,0,0,49.21,9.9596e-12,1.1255e-11,2.1387e-11
75516,147,-7.5701,71.2,-49,1.065,100,1,147,58,0,0,0,0,0,0,0,0,0,0,0,49.21,9.9596e-12,1.1255e-11,2.1387e-11
75516,172.8,-11.951,83.7,-57.6,1.065,100,1,172.8,60,0,0,0,0,0,0,0,0,0,0,0,50.76,7.8582e-12,9.2705e-12,1.9402e-11
75516,172.8,-11.951,83.7,-57.6,1.065,100,1,172.8,60,0,0,0,0,0,0,0,0,0,0,0,50.76,7.8582e-12,9.2705e-12,1.9402e-11
75516,172.8,-11.951,83.7,-57.6,1.065,100,1,172.8,67.392,0,0,0,0,0,0,0,0,0,0,0,50.71,8.4092e-12,9.2705e-12,1.9402e-11
75520,84.5,12.091,40.9,-28.2,1.0496,100,1,84.5,57,0,0,0,0,0,0,0,0,0,0,0,44.029,3.2233e-11,3.0769e-11,2.1999e-11
75520,84.5,12.091,40.9,-28.2,1.0496,100,1,84.5,57,0,0,0,0,0,0,0,0,0,0,0,45.999,3.2233e-11,3.0769e-11,2.1999e-11
75520,84.5,12.091,40.9,-28.2,1.0496,100,1,84.5,57,0,0,0,0,0,0,0,0,0,0,0,46.149,3.2233e-11,3.0769e-11,2.1999e-11
75520,84.5,12.091,40.9,-28.2,1.0496,100,1,84.5,57,0,0,0,0,0,0,0,0,0,0,0,43.879,3.2233e-11,3.0769e-11,2.1999e-11
75520,81.3,11.48,39.4,-27.1,1.0496,100,1,81.3,10,0,0,0,0,0,0,0,0,0,0,0,43.449,1.2432e-11,3.1746e-11,2.2976e-11
75520,81.3,11.48,39.4,-27.1,1.0496,100,1,81.3,10,0,0,0,0,0,0,0,0,0,0,0,44.099,1.2432e-11,3.1746e-11,2.2976e-11
75520,81.3,11.48,39.4,-27.1,1.0496,100,1,81.3,10,0,0,0,0,0,0,0,0,0,0,0,45.539,1.2432e-11,3.1746e-11,2.2976e-11
75520,81.3,11.48,39.4,-27.1,1.0496,100,1,81.3,10,0,0,0,0,0,0,0,0,0,0,0,46.309,1.2432e-11,3.1746e-11,2.2976e-11
75523,60,4.0867,36.4,-20,1.0911,100,1,60,21,0,0,0,0,0,0,0,0,0,0,0,59.425,2.2728e-11,2.7431e-11,3.68e-11
75523,60,4.0867,36.4,-20,1.0911,100,1,60,21,0,0,0,0,0,0,0,0,0,0,0,59.425,2.2728e-11,2.7431e-11,3.68e-11
75523,60,4.0867,36.4,-20,1.0911,100,1,60,21,0,0,0,0,0,0,0,0,0,0,0,59.425,2.2728e-11,2.7431e-11,3.68e-11
75523,60,4.0867,36.4,-20,1.0911,100,1,60,21,0,0,0,0,0,0,0,0,0,0,0,62.028,2.2728e-11,2.7431e-11,3.68e-11
75525,18,6.0361,8.733,-6,1.0875,100,1,18,18,0,0,0,0,0,0,0,0,0,0,0,73.895,0,3.2867e-10,7.3645e-11
75525,18,6.0361,8.733,-6,1.0875,100,1,18,18,0,0,0,0,0,0,0,0,0,0,0,73.895,0,3.2867e-10,7.3645e-11
75525,18,6.0361,8.733,-6,1.0875,100,1,18,18,0,0,0,0,0,0,0,0,0,0,0,73.895,0,3.2867e-10,7.3645e-11
75528,50,-16.7,31,-16.7,1.0772,100,1,50,18,0,0,0,0,0,0,0,0,0,0,0,31.267,2.77e-11,1.8583e-11,0.40908
75533,40,-0.91663,18.2,-18.2,1.0854,100,1,40,32.7,0,0,0,0,0,0,0,0,0,0,0,58.149,1.2142e-10,4.6368e-11,5.1286e-11
75533,40,-0.91663,18.2,-18.2,1.0854,100,1,40,32.7,0,0,0,0,0,0,0,0,0,0,0,58.149,1.2142e-10,4.6368e-11,5.1286e-11
75533,40,-0.91663,18.2,-18.2,1.0854,100,1,40,32.7,0,0,0,0,0,0,0,0,0,0,0,58.149,1.2142e-10,4.6368e-11,5.1286e-11
75533,40,-0.91663,18.2,-18.2,1.0854,100,1,40,32.7,0,0,0,0,0,0,0,0,0,0,0,58.149,1.2142e-10,4.6368e-11,5.1286e-11
75533,40,-0.91663,18.2,-18.2,1.0854,100,1,40,30.8,0,0,0,0,0,0,0,0,0,0,0,58.159,9.6348e-11,4.6368e-11,5.1286e-11
75533,40,-0.91663,18.2,-18.2,1.0854,100,1,40,30.8,0,0,0,0,0,0,0,0,0,0,0,58.159,9.6348e-11,4.6368e-11,5.1286e-11
75535,38.5,-12.8,18.6,-12.8,1.0797,100,1,38.5,14.6,0,0,0,0,0,0,0,0,0,0,0,63.318,3.7088e-11,2.8229e-11,0.50926
75536,36,4.6502,17.4,-12,1.0865,100,1,36,9.3,0,0,0,0,0,0,0,0,0,0,0,59.333,3.3198e-11,6.9523e-11,5.3237e-11
75536,36,4.6502,17.4,-12,1.0865,100,1,36,9.3,0,0,0,0,0,0,0,0,0,0,0,59.333,3.3198e-11,6.9523e-11,5.3237e-11
75537,40.6,2.1516,13.3,-13.3,1.0802,100,1,40.6,24.1,0,0,0,0,0,0,0,0,0,0,0,62.148,5.3721e-11,7.9516e-11,5.7363e-11
75537,43,2.4119,14.1,-14.1,1.0802,100,1,43,24.1,0,0,0,0,0,0,0,0,0,0,0,62.128,4.6899e-11,7.5837e-11,5.3683e-11
75537,34.2,4.9786,16.6,-11.4,1.0802,100,1,34.2,10.6,0,0,0,0,0,0,0,0,0,0,0,62.238,3.7559e-11,7.6273e-11,5.4119e-11
75537,35.5,5.2471,17.2,-11.8,1.0802,100,1,35.5,10.6,0,0,0,0,0,0,0,0,0,0,0,62.228,3.5598e-11,7.4153e-11,5.1999e-11
75539,33.4,2.7543,12.1,-12.1,1.0891,100,1,33.4,30,0,0,0,0,0,0,0,0,0,0,0,70.906,2.6071e-10,9.4859e-11,5.9668e-11
75539,33.4,2.7543,12.1,-12.1,1.0891,100,1,33.4,16,0,0,0,0,0,0,0,0,0,0,0,56.928,5.0943e-11,9.4859e-11,5.9668e-11
75539,33.4,2.7543,12.1,-12.1,1.0891,100,1,33.4,16,0,0,0,0,0,0,0,0,0,0,0,56.928,5.0943e-11,9.4859e-11,5.9668e-11
75539,33.4,2.7543,12.1,-12.1,1.0891,100,1,33.4,16,0,0,0,0,0,0,0,0,0,0,0,56.928,5.0943e-11,9.4859e-11,5.9668e-11
75539,41,4.0823,14.9,-14.9,1.0891,100,1,41,16,0,0,0,0,0,0,0,0,0,0,0,56.888,3.5456e-11,8.19e-11,4.6709e-11
75543,29.7,-9.9,14.4,-9.9,1.064,100,1,29.7,11.8,0,0,0,0,0,0,0,0,0,0,0,61.659,4.952e-11,3.6477e-11,0.32288
75543,29.7,-9.9,14.4,-9.9,1.064,100,1,29.7,11.8,0,0,0,0,0,0,0,0,0,0,0,61.659,4.952e-11,3.6477e-11,0.32288
75545,28.8,12.656,13.9,-9.6,1.0837,100,1,28.8,20.6,0,0,0,0,0,0,0,0,0,0,0,59.132,1.081e-10,7.1254e-10,3.9827e-11
75545,28.8,12.656,13.9,-9.6,1.0837,100,1,28.8,15.7,0,0,0,0,0,0,0,0,0,0,0,59.152,6.7664e-11,7.1254e-10,3.9827e-11
75547,2,0.655,0.655,-0.655,1.0691,100,1,2,0.5,0,0,0,0,0,0,0,0,0,0,0,74.278,5.9093e-10,0.33543,6.7664e-10
75547,2,0.655,0.655,-0.655,1.0691,100,1,2,0.5,0,0,0,0,0,0,0,0,0,0,0,74.278,5.9093e-10,0.33543,6.7664e-10
75547,2,0.655,0.655,-0.655,1.0691,100,1,2,0.5,0,0,0,0,0,0,0,0,0,0,0,74.278,5.9093e-10,0.33543,6.7664e-10
75547,2,0.655,0.655,-0.655,1.0691,100,1,2,0.5,0,0,0,0,0,0,0,0,0,0,0,74.278,5.9093e-10,0.33543,6.7664e-10
75547,2,0.655,0.655,-0.655,1.0691,100,1,2,0.5,0,0,0,0,0,0,0,0,0,0,0,74.278,5.9093e-10,0.33543,6.7664e-10
75547,2,0.655,0.655,-0.655,1.0691,100,1,2,0.5,0,0,0,0,0,0,0,0,0,0,0,74.278,5.9093e-10,0.33543,6.7664e-10
75547,2,0.655,0.655,-0.655,1.0691,100,1,2,0.5,0,0,0,0,0,0,0,0,0,0,0,74.278,5.9093e-10,0.33543,6.7664e-10
75547,2,0.655,0.655,-0.655,1.0691,100,1,2,0.5,0,0,0,0,0,0,0,0,0,0,0,74.278,5.9093e-10,0.33543,6.7664e-10
75547,2,0.655,0.655,-0.655,1.0691,100,1,2,0.5,0,0,0,0,0,0,0,0,0,0,0,74.278,5.9093e-10,0.33543,6.7664e-10
75547,2,0.655,0.655,-0.655,1.0691,100,1,2,0.5,0,0,0,0,0,0,0,0,0,0,0,74.278,5.9093e-10,0.33543,6.7664e-10
75547,2,0.655,0.655,-0.655,1.0691,100,1,2,0.5,0,0,0,0,0,0,0,0,0,0,0,74.278,5.9093e-10,0.33543,6.7664e-10
