17,0,0,120,-22,1.03,241.9,0,210,140,0,0,0,0,0,0,0,0,0,0,0,0,0,0,0
17,0,0,120,-22,1.03,233.2,0,200,140,0,0,0,0,0,0,0,0,0,0,0,0,0,0,0
26,370,62.973,190,-19,1.11,415.9,1,370,290,0,0,0,0,0,0,0,0,0,0,0,21.722,1.4501e-11,9.1327e-12,1.4152e-11
27,360,46.008,190,-19,1.11,407.1,1,360,290,0,0,0,0,0,0,0,0,0,0,0,21.385,1.6573e-11,8.0567e-12,1.7846e-11
27,360,46.008,190,-19,1.11,407.1,1,360,290,0,0,0,0,0,0,0,0,0,0,0,21.385,1.6573e-11,8.0567e-12,1.7846e-11
27,370,46.008,190,-19,1.11,415.9,1,370,290,0,0,0,0,0,0,0,0,0,0,0,21.385,1.4501e-11,8.0567e-12,1.7846e-11
26,370,62.973,190,-19,1.11,415.9,1,370,290,0,0,0,0,0,0,0,0,0,0,0,21.722,1.4501e-11,9.1327e-12,1.4152e-11
28,370,-19,190,-19,1.0462,415.9,1,370,290,0,0,0,0,0,0,0,0,0,0,0,22.526,1.4501e-11,5.5507e-12,0.00074148
28,0,0,190,-19,1,415.9,0,370,290,0,0,0,0,0,0,0,0,0,0,0,0,0,0,0
28,370,-19,190,-19,1.0462,415.9,1,370,290,0,0,0,0,0,0,0,0,0,0,0,22.526,1.4501e-11,5.5507e-12,0.00074148
29,0,0,190,-19,1,415.9,0,370,290,0,0,0,0,0,0,0,0,0,0,0,0,0,0,0
29,370,-5.4737,190,-19,1.0462,415.9,1,370,290,0,0,0,0,0,0,0,0,0,0,0,22.523,1.4501e-11,5.9348e-12,8.5766e-11
29,370,-5.4737,190,-19,1.0462,415.9,1,370,290,0,0,0,0,0,0,0,0,0,0,0,22.523,1.4501e-11,5.9348e-12,8.5766e-11
42,130,-34,135,-34,1.0911,253.9,1,215,130,0,0,0,0,0,0,0,0,0,0,0,1.3648e-11,0.20394,6.8645e-12,0.14373
42,0,0,130,-34,1.03,242.7,0,205,135,0,0,0,0,0,0,0,0,0,0,0,0,0,0,0
42,110,-34,145,-34,1.0911,267.7,1,225,110,0,0,0,0,0,0,0,0,0,0,0,1.0088e-11,0.20394,6.481e-12,0.14373
43,120,-34,145,-34,1.0911,267.7,1,225,120,0,0,0,0,0,0,0,0,0,0,0,1.1049e-11,0.20993,6.481e-12,0.14468
43,130,-34,145,-34,1.0911,267.7,1,225,130,0,0,0,0,0,0,0,0,0,0,0,1.2212e-11,0.20993,6.481e-12,0.14468
43,0,0,130,-34,1.03,242.7,0,205,135,0,0,0,0,0,0,0,0,0,0,0,0,0,0,0
44,444.53,-47,363,-47,1.0275,646.5,1,535,255,0,0,0,0,0,0,0,0,0,0,0,1.2823e-11,6.121e-12,2.8295e-12,0.04877
44,0,0,348,-100,1,659.3,0,560,250,0,0,0,0,0,0,0,0,0,0,0,0,0,0,0
54,129,-1,104,-1,1.0924,247.9,1,225,129,0,0,0,0,0,0,0,0,0,0,0,1.2084e-11,4.4222,1.1049e-11,1.0237
55,129,-16,130,-16,1.0924,259.9,1,225,129,0,0,0,0,0,0,0,0,0,0,0,1.2084e-11,4.4237,7.9459e-12,1.0253
54,0,0,130,-16,1.03,259.9,0,225,129,0,0,0,0,0,0,0,0,0,0,0,0,0,0,0
56,129,-16,130,-16,1.0448,259.9,1,225,129,0,0,0,0,0,0,0,0,0,0,0,1.2084e-11,4.1723,7.9459e-12,1.1551
57,129,-16,130,-16,1.0448,259.9,1,225,129,0,0,0,0,0,0,0,0,0,0,0,1.2084e-11,4.1705,7.9459e-12,1.1555
57,0,0,104,-1,1,247.9,0,225,129,0,0,0,0,0,0,0,0,0,0,0,0,0,0,0
57,129,-16,130,-16,1.0448,259.9,1,225,129,0,0,0,0,0,0,0,0,0,0,0,1.2084e-11,4.1705,7.9459e-12,1.1555
58,48.1,0,30,0,1.085,66.5,1,48.1,48.1,0,0,0,0,0,0,0,0,0,0,0,102.03,0,3.867e-11,0.24041
77,225,56.1,123,-15,1.1016,256.4,1,225,140,0,0,0,0,0,0,0,0,0,0,0,3.9105,1.3648e-11,1.7341e-11,1.6317e-11
77,225,56.1,123,-15,1.1016,256.4,1,225,140,0,0,0,0,0,0,0,0,0,0,0,3.9105,1.3648e-11,1.7341e-11,1.6317e-11
78,0,0,123,-15,1.03,252,0,220,140,0,0,0,0,0,0,0,0,0,0,0,0,0,0,0
78,225,-0.61101,123,-15,1.1,256.4,1,225,140,0,0,0,0,0,0,0,0,0,0,0,3.9788,1.3648e-11,9.3851e-12,8.0624e-11
78,225,-0.61101,123,-15,1.1,256.4,1,225,140,0,0,0,0,0,0,0,0,0,0,0,3.9788,1.3648e-11,9.3851e-12,8.0624e-11
81,380,-31,232,-31,1.0323,445.2,1,380,220,0,0,0,0,0,0,0,0,0,0,0,9.387,7.2506e-12,4.411e-12,0.040842
81,0,0,228,-30,1,434.6,0,370,220,0,0,0,0,0,0,0,0,0,0,0,0,0,0,0
97,9,0,1,0,1.0988,12,1,9,9,0,0,0,0,0,0,0,0,0,0,0,99.661,0,1.1601e-09,0.24543
97,6,0,1,0,1.0988,6.1,1,6,6,0,0,0,0,0,0,0,0,0,0,0,99.661,0,1.1601e-09,0.24543
103,225,111.31,123,-15,1.0995,256.4,1,225,134,0,0,0,0,0,0,0,0,0,0,0,7.3291,1.2748e-11,9.9233e-11,9.1846e-12
104,0,0,123,-15,1.03,256.4,0,225,134,0,0,0,0,0,0,0,0,0,0,0,0,0,0,0
105,120,43.749,80,-2,1.0951,144.2,1,120,79,0,0,0,0,0,0,0,0,0,0,0,5.7231,2.8295e-11,3.2002e-11,2.5358e-11
106,0,0,80,-2,1.03,144.2,0,120,79,0,0,0,0,0,0,0,0,0,0,0,0,0,0,0
115,0,0,90,-20,1.03,150,0,120,90,0,0,0,0,0,0,0,0,0,0,0,0,0,0,0
116,120,-2,82,-2,1.0995,145.3,1,120,70,0,0,0,0,0,0,0,0,0,0,0,2.2793,2.3202e-11,1.3811e-11,0.051462
117,110,0,40,0,1.098,117,1,110,80,0,0,0,0,0,0,0,0,0,0,0,0.53565,3.867e-11,2.9002e-11,0.052092
124,215,-35,135,-35,1.0993,253.9,1,215,160,0,0,0,0,0,0,0,0,0,0,0,8.2181,2.1093e-11,6.8241e-12,0.0039345
125,225,21.215,140,-35,1.0992,265,1,225,140,0,0,0,0,0,0,0,0,0,0,0,8.2125,1.3648e-11,9.7664e-12,2.0637e-11
125,215,20.286,135,-35,1.0992,253.9,1,215,160,0,0,0,0,0,0,0,0,0,0,0,8.2125,2.1093e-11,1.0113e-11,2.0984e-11
126,225,-40,140,-40,1.0363,265,1,225,140,0,0,0,0,0,0,0,0,0,0,0,8.6301,1.3648e-11,6.445e-12,0.28229
126,0,0,137,-40,1,259.2,0,220,160,0,0,0,0,0,0,0,0,0,0,0,0,0,0,0
131,125,40,40,-38,1.1007,131.2,1,125,0,0,0,0,0,0,0,0,0,0,0,0,100.5,9.2808e-12,0.13166,1.4873e-11
131,0,0,40,-38,1.03,131.2,0,125,0,0,0,0,0,0,0,0,0,0,0,0,0,0,0,0
132,0,0,40,-38,1.03,131.2,0,125,0,0,0,0,0,0,0,0,0,0,0,0,0,0,0,0
132,0,0,40,-38,1.03,131.2,0,125,0,0,0,0,0,0,0,0,0,0,0,0,0,0,0,0
133,0,0,90,0,1.03,150,0,120,100,0,0,0,0,0,0,0,0,0,0,0,0,0,0,0
133,120,12.78,90,0,1.11,150,1,120,100,0,0,0,0,0,0,0,0,0,0,0,8.8993,5.8005e-11,1.5023e-11,9.0778e-11
134,120,36.934,90,0,1.11,150,1,120,100,0,0,0,0,0,0,0,0,0,0,0,8.9,5.8005e-11,2.1861e-11,3.141e-11
145,0,0,12,0,1.03,51.4,0,50,30,0,0,0,0,0,0,0,0,0,0,0,0,0,0,0
145,0,0,12,0,1.03,51.4,0,50,30,0,0,0,0,0,0,0,0,0,0,0,0,0,0,0
146,0,0,90,0,1.03,150,0,120,90,0,0,0,0,0,0,0,0,0,0,0,0,0,0,0
147,0,0,149,-48,1.03,267.4,0,222,90,0,0,0,0,0,0,0,0,0,0,0,0,0,0,0
147,0,0,149,-48,1.03,253.4,0,205,135,0,0,0,0,0,0,0,0,0,0,0,0,0,0,0
147,0,0,149,-48,1.03,253.4,0,205,135,0,0,0,0,0,0,0,0,0,0,0,0,0,0,0
147,90,91.85,149,-48,1.1086,267.4,1,222,90,0,0,0,0,0,0,0,0,0,0,0,8.7886e-12,7.4786,2.0299e-11,8.2953e-12
149,90,-23,123,-23,1.0388,253.8,1,222,90,0,0,0,0,0,0,0,0,0,0,0,8.7886e-12,7.7474,7.9459e-12,0.18974
150,90,-48,149,-48,1.0388,267.4,1,222,90,0,0,0,0,0,0,0,0,0,0,0,8.7886e-12,7.7479,5.8888e-12,0.1894
150,0,0,123,-23,1,253.8,0,222,90,0,0,0,0,0,0,0,0,0,0,0,0,0,0,0
154,235,-53,149,-53,1.0865,278.3,1,235,94,0,0,0,0,0,0,0,0,0,0,0,1.3041,8.2277e-12,5.7431e-12,0.072465
154,0,0,149,-53,1.03,278.3,0,235,94,0,0,0,0,0,0,0,0,0,0,0,0,0,0,0
154,261,0,120,0,1.0865,287.3,1,261,104,0,0,0,0,0,0,0,0,0,0,0,1.3041,7.3892e-12,9.6675e-12,0.072465
154,0,0,132,-40,1.03,292.5,0,261,104,0,0,0,0,0,0,0,0,0,0,0,0,0,0,0
155,0,0,120,0,1.03,287.3,0,261,104,0,0,0,0,0,0,0,0,0,0,0,0,0,0,0
155,205,-22,117,-22,1.0866,236,1,205,130,0,0,0,0,0,0,0,0,0,0,0,1.3098,1.5468e-11,8.346e-12,0.069203
155,206,-20,109,-20,1.0866,233.1,1,206,120,0,0,0,0,0,0,0,0,0,0,0,1.3098,1.349e-11,8.993e-12,0.069203
155,0,0,109,-20,1.03,233.1,0,206,120,0,0,0,0,0,0,0,0,0,0,0,0,0,0,0
157,206,39.437,109,-20,1.0053,233.1,1,206,120,0,0,0,0,0,0,0,0,0,0,0,1.6298,1.349e-11,1.6677e-11,1.9518e-11
163,0,0,104,-23,1.03,225.4,0,200,150,0,0,0,0,0,0,0,0,0,0,0,0,0,0,0
163,200,60.962,104,-23,1.11,225.4,1,200,150,0,0,0,0,0,0,0,0,0,0,0,13.986,2.3202e-11,2.6956e-11,1.3817e-11
164,200,57.094,104,-23,1.11,225.4,1,200,150,0,0,0,0,0,0,0,0,0,0,0,13.992,2.3202e-11,2.4733e-11,1.4484e-11
164,200,57.094,104,-23,1.11,225.4,1,200,150,0,0,0,0,0,0,0,0,0,0,0,13.992,2.3202e-11,2.4733e-11,1.4484e-11
179,170,59.807,110,0,1.1066,219.5,1,170,170,0,0,0,0,0,0,0,0,0,0,0,104.92,0,2.3113e-11,1.9397e-11
204,179,-15.571,110,-60,1.0351,210.1,1,179,0,0,0,0,0,0,0,0,0,0,0,0,106.98,6.481e-12,9.2386e-12,2.6111e-11
204,179,-15.571,110,-60,1.0351,210.1,1,179,0,0,0,0,0,0,0,0,0,0,0,0,106.98,6.481e-12,9.2386e-12,2.6111e-11
204,179,-15.571,110,-60,1.0351,210.1,1,179,0,0,0,0,0,0,0,0,0,0,0,0,106.98,6.481e-12,9.2386e-12,2.6111e-11
205,179,28.19,110,-60,1.0351,210.1,1,179,0,0,0,0,0,0,0,0,0,0,0,0,106.98,6.481e-12,1.418e-11,1.3155e-11
214,35,5.6939,20,0,1.1119,58.5,1,35,35,0,0,0,0,0,0,0,0,0,0,0,106.38,0,8.1091e-11,2.0374e-10
214,0,0,20,0,1.035,53.9,0,0,0,0,0,0,0,0,0,0,0,0,0,0,0,0,0,0
214,0,0,20,0,1.035,53.9,0,0,0,0,0,0,0,0,0,0,0,0,0,0,0,0,0,0
214,10,5.6939,20,0,1.1119,30.5,1,10,10,0,0,0,0,0,0,0,0,0,0,0,106.38,0,8.1091e-11,2.0374e-10
220,1.55,0.90279,1,0,1.102,2.3,1,1.55,1.55,0,0,0,0,0,0,0,0,0,0,0,103.04,0,1.1934e-08,1.285e-09
221,1.55,1,1,0,1.0943,2.3,1,1.55,1.55,0,0,0,0,0,0,0,0,0,0,0,102.21,0,0.11938,1.1601e-09
239,7,6,6,0,1.084,9.8,1,7,7,0,0,0,0,0,0,0,0,0,0,0,108.81,0,1.0568,1.9335e-10
246,370,62.024,190,-19,1.0791,415.9,1,370,290,0,0,0,0,0,0,0,0,0,0,0,21.829,1.4501e-11,9.065e-12,1.4318e-11
309,0,0,7,0,1.035,27.9,0,0,0,0,0,0,0,0,0,0,0,0,0,0,0,0,0,0
309,0,0,7,0,1.035,27.9,0,0,0,0,0,0,0,0,0,0,0,0,0,0,0,0,0,0
309,11,7,7,4,1.1093,30.8,1,11,11,0,0,0,0,0,0,0,0,0,0,0,100.66,0,0.4578,3.867e-10
309,0,0,7,0,1.035,27.9,0,0,0,0,0,0,0,0,0,0,0,0,0,0,0,0,0,0
309,0,0,6,0,1.035,27.7,0,0,0,0,0,0,0,0,0,0,0,0,0,0,0,0,0,0
309,0,0,7,0,1.035,27.9,0,0,0,0,0,0,0,0,0,0,0,0,0,0,0,0,0,0
309,0,0,7,0,1.035,27.9,0,0,0,0,0,0,0,0,0,0,0,0,0,0,0,0,0,0
310,15,15,15,0,1.1119,36.7,1,15,15,0,0,0,0,0,0,0,0,0,0,0,101.08,0,0.28291,7.734e-11
310,0,0,15,0,1.035,57,0,0,0,0,0,0,0,0,0,0,0,0,0,0,0,0,0,0
311,15,15,15,0,1.0972,36.7,1,15,15,0,0,0,0,0,0,0,0,0,0,0,102.31,0,0.67066,7.734e-11
311,0,0,15,0,1.035,57,0,0,0,0,0,0,0,0,0,0,0,0,0,0,0,0,0,0
313,30,20,20,0,1.1155,53.9,1,30,30,0,0,0,0,0,0,0,0,0,0,0,100.21,0,0.42579,5.8005e-11
313,0,0,20,0,1.035,53.9,0,0,0,0,0,0,0,0,0,0,0,0,0,0,0,0,0,0
314,0,0,40,0,1.035,107.7,0,0,0,0,0,0,0,0,0,0,0,0,0,0,0,0,0,0
322,2.5,3,3,0,1.114,4.1,1,2.5,2.5,0,0,0,0,0,0,0,0,0,0,0,100.36,0,0.46497,3.867e-10
365,43.25,12,12,0,1.112,47.8,1,43.25,43.25,0,0,0,0,0,0,0,0,0,0,0,105.19,0,0.11349,9.6675e-11
366,43.25,12,12,0,1.0923,47.8,1,43.25,43.25,0,0,0,0,0,0,0,0,0,0,0,107.03,0,0.55216,9.6675e-11
367,43.25,8.3877,12,0,1.1186,47.8,1,43.25,43.25,0,0,0,0,0,0,0,0,0,0,0,104.26,0,3.2115e-10,1.3831e-10
368,43.25,12,12,0,1.1111,47.8,1,43.25,43.25,0,0,0,0,0,0,0,0,0,0,0,106.21,0,0.52001,9.6675e-11
385,140,40.472,138,-47,1.1071,251.3,1,210,140,0,0,0,0,0,0,0,0,0,0,0,1.6573e-11,5.1505,1.1895e-11,1.3263e-11
385,0,0,10,0,1.035,26.9,0,25,12,0,0,0,0,0,0,0,0,0,0,0,0,0,0,0
386,10,6.5675,10,0,1.1023,19.7,1,17,10,0,0,0,0,0,0,0,0,0,0,0,1.6573e-10,3.9558,3.3797e-10,1.7664e-10
443,1.5,2,2,0,1.0809,3.6,1,1.5,1.5,0,0,0,0,0,0,0,0,0,0,0,100.06,0,0.37651,5.8005e-10
452,5.21,2,2,0,1.0928,6.1,1,5.21,5.21,0,0,0,0,0,0,0,0,0,0,0,103.92,0,0.59028,5.8005e-10
452,0,0,2,0,1.035,6.1,0,0,0,0,0,0,0,0,0,0,0,0,0,0,0,0,0,0
485,1.4,0.7,0.7,0,1.0732,1.7,1,1.4,1.4,0,0,0,0,0,0,0,0,0,0,0,100.15,0,0.48849,1.6573e-09
536,40,14,14,0,1.0851,53.9,1,40,40,0,0,0,0,0,0,0,0,0,0,0,106.75,0,1.3623,8.2864e-11
536,0,0,14,0,1.035,34.9,0,0,0,0,0,0,0,0,0,0,0,0,0,0,0,0,0,0
536,0,0,14,0,1.035,34,0,0,0,0,0,0,0,0,0,0,0,0,0,0,0,0,0,0
536,0,0,14,0,1.035,105.9,0,0,0,0,0,0,0,0,0,0,0,0,0,0,0,0,0,0
536,0,0,14,0,1.035,105.9,0,0,0,0,0,0,0,0,0,0,0,0,0,0,0,0,0,0
537,25,17.5,17.5,0,1.083,36.5,1,25,25,0,0,0,0,0,0,0,0,0,0,0,106.98,0,1.1786,6.6291e-11
537,25,17.5,17.5,0,1.083,35.6,1,25,25,0,0,0,0,0,0,0,0,0,0,0,106.98,0,1.1786,6.6291e-11
537,0,0,17.5,0,1.035,126.2,0,0,0,0,0,0,0,0,0,0,0,0,0,0,0,0,0,0
537,0,0,17.5,0,1.035,106.4,0,0,0,0,0,0,0,0,0,0,0,0,0,0,0,0,0,0
551,1.4,0.7,0.7,0,1.0776,1.7,1,1.4,1.4,0,0,0,0,0,0,0,0,0,0,0,107.73,0,1.6139,1.6573e-09
559,30,5,5,0,1.0823,34.4,1,30,30,0,0,0,0,0,0,0,0,0,0,0,107.23,0,1.4341,2.3202e-10
559,0,0,5,0,1.035,28.4,0,0,0,0,0,0,0,0,0,0,0,0,0,0,0,0,0,0
559,0,0,5,0,1.035,26.5,0,0,0,0,0,0,0,0,0,0,0,0,0,0,0,0,0,0
559,0,0,5,0,1.035,30.4,0,0,0,0,0,0,0,0,0,0,0,0,0,0,0,0,0,0
559,0,0,5,0,1.035,34.4,0,0,0,0,0,0,0,0,0,0,0,0,0,0,0,0,0,0
560,30,5,5,0,1.081,34.4,1,30,30,0,0,0,0,0,0,0,0,0,0,0,107.04,0,1.4109,2.3202e-10
560,0,0,5,0,1.035,34.4,0,0,0,0,0,0,0,0,0,0,0,0,0,0,0,0,0,0
560,0,0,5,0,1.035,26.5,0,0,0,0,0,0,0,0,0,0,0,0,0,0,0,0,0,0
560,0,0,5,0,1.035,34.4,0,0,0,0,0,0,0,0,0,0,0,0,0,0,0,0,0,0
573,1,4,4,0,1.1045,8.9,1,1,1,0,0,0,0,0,0,0,0,0,0,0,101.27,0,0.16106,2.9002e-10
626,78,0,30,0,1.0942,97.7,1,78,78,0,0,0,0,0,0,0,0,0,0,0,98.972,0,3.867e-11,0.20178
626,30,0,30,0,1.0942,46.8,1,30,30,0,0,0,0,0,0,0,0,0,0,0,98.972,0,3.867e-11,0.20178
664,130,56.411,145,-34,1.1005,267.7,1,225,130,0,0,0,0,0,0,0,0,0,0,0,1.2212e-11,0.80338,1.3095e-11,1.2831e-11
665,0,0,145,-34,1.035,267.7,0,225,130,0,0,0,0,0,0,0,0,0,0,0,0,0,0,0
685,150,0,30,0,1.1008,182.5,1,150,150,0,0,0,0,0,0,0,0,0,0,0,100.93,0,3.867e-11,0.31559
685,50,0,30,0,1.1008,77.5,1,50,50,0,0,0,0,0,0,0,0,0,0,0,100.93,0,3.867e-11,0.31559
691,2.43,0,1.8,0,1.094,3.1,1,2.43,2.43,0,0,0,0,0,0,0,0,0,0,0,101.75,0,6.445e-10,0.20392
716,1.47,0,1.3,0,1.0745,10.1,1,1.47,1.47,0,0,0,0,0,0,0,0,0,0,0,101.31,0,8.9238e-10,0.33952
740,129,-16,130,-16,1.0857,259.9,1,225,129,0,0,0,0,0,0,0,0,0,0,0,1.2084e-11,5.3853,7.9459e-12,0.73623
763,86,0,30,0,1.0824,105.4,1,86,86,0,0,0,0,0,0,0,0,0,0,0,100.79,0,3.867e-11,0.72494
792,1,0.20119,1,0,1.0596,8.4,1,1,1,0,0,0,0,0,0,0,0,0,0,0,102.3,0,1.4523e-09,5.7662e-09
796,68.1,1.8713,23,0,1.0694,71.9,1,68.1,5,0,0,0,0,0,0,0,0,0,0,0,100.89,1.8385e-11,5.4906e-11,6.1993e-10
796,0,0,23,0,1.035,71.9,0,68.1,5,0,0,0,0,0,0,0,0,0,0,0,0,0,0,0
796,0,0,11,0,1.035,32.9,0,31,16,0,0,0,0,0,0,0,0,0,0,0,0,0,0,0
796,0,0,10,0,1.035,32.6,0,31,16,0,0,0,0,0,0,0,0,0,0,0,0,0,0,0
807,0,0,10,0,1.035,125.4,0,125,84,0,0,0,0,0,0,0,0,0,0,0,0,0,0,0
808,92,0,10,0,1.0898,125.4,1,125,92,0,0,0,0,0,0,0,0,0,0,0,3.5155e-11,11.704,1.1601e-10,0.22701
845,15,0,8.1,0,1.0709,33,1,15,15,0,0,0,0,0,0,0,0,0,0,0,101.48,0,1.4322e-10,0.34693
845,15,0,8.1,0,1.0709,33,1,15,15,0,0,0,0,0,0,0,0,0,0,0,101.48,0,1.4322e-10,0.34693
845,0,0,0,0,1.035,19,0,0,0,0,0,0,0,0,0,0,0,0,0,0,0,0,0,0
845,0,0,0,0,1.035,19,0,0,0,0,0,0,0,0,0,0,0,0,0,0,0,0,0,0
877,35,13.06,41.2,0,1.0904,87.7,1,35,35,0,0,0,0,0,0,0,0,0,0,0,99.695,0,4.1226e-11,8.8829e-11
900,0,0,45,-10,1.035,65.8,0,0,0,0,0,0,0,0,0,0,0,0,0,0,0,0,0,0
900,50,20.933,45,-10,1.083,71.1,1,50,50,0,0,0,0,0,0,0,0,0,0,0,100.45,0,4.8204e-11,3.7503e-11
900,0,0,45,-10,1.035,71.1,0,0,0,0,0,0,0,0,0,0,0,0,0,0,0,0,0,0
975,0,0,110,-40,1.035,162.2,0,0,0,0,0,0,0,0,0,0,0,0,0,0,0,0,0,0
976,100,33.732,110,-40,1.0977,162.2,1,100,100,0,0,0,0,0,0,0,0,0,0,0,99.836,0,1.5211e-11,1.5734e-11
980,0,0,0,0,1.035,16.8,0,0,0,0,0,0,0,0,0,0,0,0,0,0,0,0,0,0
1001,386,18.822,240,-32,1.1019,454.5,1,386,220,0,0,0,0,0,0,0,0,0,0,0,8.185,6.9886e-12,5.2451e-12,2.2827e-11
1002,370,51.34,227,-30,1.1001,434.1,1,370,220,0,0,0,0,0,0,0,0,0,0,0,8.2656,7.734e-12,6.6042e-12,1.4262e-11
1006,6,1.447,1.447,0,1.1027,7.1,1,6,6,0,0,0,0,0,0,0,0,0,0,0,99.553,0,0.20272,8.0173e-10
1005,4,0.447,0.447,0,1.1027,4,1,4,4,0,0,0,0,0,0,0,0,0,0,0,99.552,0,0.20269,2.5953e-09
1006,4,0.447,0.447,0,1.1027,5,1,4,4,0,0,0,0,0,0,0,0,0,0,0,99.553,0,0.20272,2.5953e-09
1006,0,0,0,0,1.035,6,0,0,0,0,0,0,0,0,0,0,0,0,0,0,0,0,0,0
1007,0,0,110,-40,1.035,174.1,0,0,0,0,0,0,0,0,0,0,0,0,0,0,0,0,0,0
1013,15,4.8,4.8,0,1.098,20.6,1,15,15,0,0,0,0,0,0,0,0,0,0,0,99.333,0,0.16649,2.4169e-10
1013,0,0,0,0,1.035,12.8,0,0,0,0,0,0,0,0,0,0,0,0,0,0,0,0,0,0
1013,0,0,0,0,1.035,12.5,0,0,0,0,0,0,0,0,0,0,0,0,0,0,0,0,0,0
1015,0,0,0,0,1.035,20,0,0,0,0,0,0,0,0,0,0,0,0,0,0,0,0,0,0
1015,0,0,0,0,1.035,19,0,0,0,0,0,0,0,0,0,0,0,0,0,0,0,0,0,0
1024,12,18,18,9,1.0764,30,1,12,12,0,0,0,0,0,0,0,0,0,0,0,102.52,0,0.70126,1.289e-10
1025,0,0,18,9,1.035,30,0,0,0,0,0,0,0,0,0,0,0,0,0,0,0,0,0,0
1026,0,0,14,10.5,1.035,32.2,0,0,0,0,0,0,0,0,0,0,0,0,0,0,0,0,0,0
1113,0,0,37.5,16.8,1.035,62.5,0,0,0,0,0,0,0,0,0,0,0,0,0,0,0,0,0,0
1114,0,0,37.5,7.5,1.035,62.5,0,0,0,0,0,0,0,0,0,0,0,0,0,0,0,0,0,0
1113,50,37.5,37.5,7.5,1.0947,62.5,1,50,50,0,0,0,0,0,0,0,0,0,0,0,100.15,0,0.069868,3.867e-11
1115,0,0,37.5,16.8,1.035,62.5,0,0,0,0,0,0,0,0,0,0,0,0,0,0,0,0,0,0
1152,17,5.251,5.251,0,1.0776,30.5,1,17,17,0,0,0,0,0,0,0,0,0,0,0,101.7,0,0.16997,2.2093e-10
1152,0,0,0,0,1.035,6,0,0,0,0,0,0,0,0,0,0,0,0,0,0,0,0,0,0
1153,17,5.251,5.251,0,1.0777,30.5,1,17,17,0,0,0,0,0,0,0,0,0,0,0,101.68,0,0.16669,2.2093e-10
1153,0,0,0,0,1.035,25,0,0,0,0,0,0,0,0,0,0,0,0,0,0,0,0,0,0
1154,16,5.25,5.25,0,1.0806,30.5,1,16,16,0,0,0,0,0,0,0,0,0,0,0,101.03,0,0.08075,2.2097e-10
1154,0,0,0,0,1.035,6,0,0,0,0,0,0,0,0,0,0,0,0,0,0,0,0,0,0
1179,70,37.998,52.5,0,1.0898,87.5,1,70,70,0,0,0,0,0,0,0,0,0,0,0,99.847,0,7.9997e-11,3.053e-11
1180,0,0,52.5,0,1.035,87.5,0,0,0,0,0,0,0,0,0,0,0,0,0,0,0,0,0,0
1180,0,0,42,16.8,1.035,65.3,0,0,0,0,0,0,0,0,0,0,0,0,0,0,0,0,0,0
1188,50,0,0,0,1.086,50,1,50,50,0,0,0,0,0,0,0,0,0,0,0,100.05,0,0.16706,0
1246,10,2,2,0,1.0889,16.7,1,10,10,0,0,0,0,0,0,0,0,0,0,0,99.519,0,0.094226,5.8005e-10
1246,0,0,0,0,1.035,24,0,0,0,0,0,0,0,0,0,0,0,0,0,0,0,0,0,0
1247,0,0,0,0,1.035,14.6,0,0,0,0,0,0,0,0,0,0,0,0,0,0,0,0,0,0
1247,0,0,0,0,1.035,14.6,0,0,0,0,0,0,0,0,0,0,0,0,0,0,0,0,0,0
1247,0,0,0,0,1.035,14.6,0,0,0,0,0,0,0,0,0,0,0,0,0,0,0,0,0,0
1248,0,0,0,0,1.035,5.5,0,0,0,0,0,0,0,0,0,0,0,0,0,0,0,0,0,0
1248,0,0,0,0,1.035,5.5,0,0,0,0,0,0,0,0,0,0,0,0,0,0,0,0,0,0
1286,0,0,41,-6.5,1.035,68.6,0,0,0,0,0,0,0,0,0,0,0,0,0,0,0,0,0,0
1287,230,75.746,123,-15,1.1175,260.8,1,230,134,0,0,0,0,0,0,0,0,0,0,0,4.1798,1.2084e-11,2.455e-11,1.2784e-11
1288,0,0,123,-15,1.035,256.4,0,225,134,0,0,0,0,0,0,0,0,0,0,0,0,0,0,0
1342,20,3.8599,5,0,1.0853,22.6,1,20,20,0,0,0,0,0,0,0,0,0,0,0,100.86,0,1.0175e-09,3.0055e-10
1343,0,0,0,0,1.035,12,0,0,0,0,0,0,0,0,0,0,0,0,0,0,0,0,0,0
1343,25,5,5,0,1.0853,32.4,1,25,25,0,0,0,0,0,0,0,0,0,0,0,100.86,0,0.00060997,2.3202e-10
1351,0,0,90,-5,1.035,142.1,0,110,79,0,0,0,0,0,0,0,0,0,0,0,0,0,0,0
1352,120,18.67,80,-2,1.0913,144.2,1,120,79,0,0,0,0,0,0,0,0,0,0,0,5.4008,2.8295e-11,1.8916e-11,5.6124e-11
1351,120,-2,80,-2,1.0895,144.2,1,120,79,0,0,0,0,0,0,0,0,0,0,0,5.1626,2.8295e-11,1.4148e-11,0.052194
1353,0,0,80,-2,1.035,144.2,0,120,79,0,0,0,0,0,0,0,0,0,0,0,0,0,0,0
1363,0,0,89,-6,1.035,153.4,0,125,84,0,0,0,0,0,0,0,0,0,0,0,0,0,0,0
1363,125,89,89,-6,1.0991,153.4,1,125,84,0,0,0,0,0,0,0,0,0,0,0,7.4928,2.8295e-11,0.14144,1.2212e-11
1374,100,40.788,80,-25,1.0827,141.7,1,100,100,0,0,0,0,0,0,0,0,0,0,0,101.25,0,2.9585e-11,1.7634e-11
1374,0,0,80,-25,1.035,128.1,0,0,0,0,0,0,0,0,0,0,0,0,0,0,0,0,0,0
1375,0,0,80,-25,1.035,143.4,0,0,0,0,0,0,0,0,0,0,0,0,0,0,0,0,0,0
1376,0,0,80,-25,1.035,136,0,0,0,0,0,0,0,0,0,0,0,0,0,0,0,0,0,0
1414,0,0,33.5,12,1.035,36.7,0,0,0,0,0,0,0,0,0,0,0,0,0,0,0,0,0,0
1415,0,0,41.2,-13.7,1.035,68.7,0,0,0,0,0,0,0,0,0,0,0,0,0,0,0,0,0,0
1415,0,0,41.2,-13.7,1.035,68.7,0,0,0,0,0,0,0,0,0,0,0,0,0,0,0,0,0,0
1432,10,2,2,0,1.0873,12.2,1,10,10,0,0,0,0,0,0,0,0,0,0,0,101.04,0,0.67478,5.8005e-10
1432,10,2,2,0,1.0873,12.2,1,10,10,0,0,0,0,0,0,0,0,0,0,0,101.04,0,0.67478,5.8005e-10
1433,0,0,0,0,1.035,4,0,0,0,0,0,0,0,0,0,0,0,0,0,0,0,0,0,0
1433,0,0,0,0,1.035,4,0,0,0,0,0,0,0,0,0,0,0,0,0,0,0,0,0,0
1435,10,3.75,3.75,0,1.0988,15.5,1,10,10,0,0,0,0,0,0,0,0,0,0,0,99.865,0,0.33132,3.0936e-10
1434,13,6.75,6.75,0,1.0972,23.5,1,13,13,0,0,0,0,0,0,0,0,0,0,0,100.02,0,0.37941,1.7187e-10
1439,0,0,123,-15,1.035,256.4,0,225,140,0,0,0,0,0,0,0,0,0,0,0,0,0,0,0
1461,46,3.8562,35,-6,1.0813,57.8,1,46,3,0,0,0,0,0,0,0,0,0,0,0,101.06,2.6979e-11,3.725e-11,1.177e-10
1461,0,0,35,-6,1.035,57.8,0,46,3,0,0,0,0,0,0,0,0,0,0,0,0,0,0,0
1644,15,1.9,9.3,1.9,1.0762,17.6,1,15,15,0,0,0,0,0,0,0,0,0,0,0,101.34,0,1.5677e-10,0.3931
1644,0,0,9.3,1.9,1.035,17.6,0,0,0,0,0,0,0,0,0,0,0,0,0,0,0,0,0,0
1644,15,1.9,9.3,1.9,1.0762,17.6,1,15,15,0,0,0,0,0,0,0,0,0,0,0,101.34,0,1.5677e-10,0.3931
1644,15,1.934,9.3,1.934,1.0762,17.6,1,15,15,0,0,0,0,0,0,0,0,0,0,0,101.34,0,1.5749e-10,0.3931
1644,0,0,0,0,1.035,3.8,0,0,0,0,0,0,0,0,0,0,0,0,0,0,0,0,0,0
1644,0,0,0,0,1.035,4.2,0,0,0,0,0,0,0,0,0,0,0,0,0,0,0,0,0,0
1672,153,44.371,117,-29,1.1095,192.6,1,153,55,0,0,0,0,0,0,0,0,0,0,0,0.82596,1.1838e-11,1.5973e-11,1.5811e-11
1673,0,0,82,-2,1.035,152,0,128,70,0,0,0,0,0,0,0,0,0,0,0,0,0,0,0
1673,153,22.335,117,-29,1.1006,192.6,1,153,55,0,0,0,0,0,0,0,0,0,0,0,0.80822,1.1838e-11,1.2255e-11,2.2598e-11
1674,123,5.3487,82,-2,1.0975,147.8,1,123,70,0,0,0,0,0,0,0,0,0,0,0,1.3799,2.1889e-11,1.5135e-11,1.5786e-10
1684,110,40.001,40.001,0,1.0888,117,1,110,80,0,0,0,0,0,0,0,0,0,0,0,0.73318,3.867e-11,0.0084597,2.9002e-11
1685,0,0,42,16.8,1.035,61.6,0,45,30,0,0,0,0,0,0,0,0,0,0,0,0,0,0,0
1685,0,0,40,0,1.035,117,0,110,80,0,0,0,0,0,0,0,0,0,0,0,0,0,0,0
1685,0,0,42,16.8,1.035,61.6,0,45,30,0,0,0,0,0,0,0,0,0,0,0,0,0,0,0
1685,110,26.222,40,0,1.0884,117,1,110,80,0,0,0,0,0,0,0,0,0,0,0,1.0109,3.867e-11,8.4201e-11,4.4241e-11
1684,0,0,40,16,1.035,60.2,0,45,30,0,0,0,0,0,0,0,0,0,0,0,0,0,0,0
1776,0,0,6.6,0.7,1.035,8.3,0,0,0,0,0,0,0,0,0,0,0,0,0,0,0,0,0,0
1793,0,0,0,0,1.035,25,0,0,0,0,0,0,0,0,0,0,0,0,0,0,0,0,0,0
1793,20,0,4,0,1.0993,25.3,1,20,20,0,0,0,0,0,0,0,0,0,0,0,99.636,0,2.9002e-10,0.9577
1793,0,0,0,0,1.035,25,0,0,0,0,0,0,0,0,0,0,0,0,0,0,0,0,0,0
1793,0,0,0,0,1.035,25,0,0,0,0,0,0,0,0,0,0,0,0,0,0,0,0,0,0
1794,39,26,26,13,1.1058,47.7,1,39,39,0,0,0,0,0,0,0,0,0,0,0,98.427,0,0.1468,8.9238e-11
1836,225,57.796,140,-35,1.1063,265,1,225,160,0,0,0,0,0,0,0,0,0,0,0,5.876,1.7848e-11,1.4112e-11,1.2502e-11
1836,0,0,140,-35,1.035,265,0,225,140,0,0,0,0,0,0,0,0,0,0,0,0,0,0,0
1838,225,126.76,140,-35,1.1105,265,1,225,160,0,0,0,0,0,0,0,0,0,0,0,7.6787,1.7848e-11,8.7594e-11,7.1719e-12
1872,0,0,26,13,1.035,43.6,0,0,0,0,0,0,0,0,0,0,0,0,0,0,0,0,0,0
1872,0,0,8.3,1.5,1.035,11.5,0,0,0,0,0,0,0,0,0,0,0,0,0,0,0,0,0,0
1873,0,0,12,5.8,1.035,27.7,0,0,0,0,0,0,0,0,0,0,0,0,0,0,0,0,0,0
1873,0,0,26,13,1.035,39.7,0,0,0,0,0,0,0,0,0,0,0,0,0,0,0,0,0,0
1906,0,0,0,0,1.035,32,0,0,0,0,0,0,0,0,0,0,0,0,0,0,0,0,0,0
1907,0,0,0,0,1.035,32,0,0,0,0,0,0,0,0,0,0,0,0,0,0,0,0,0,0
1926,10,2.4,2.4,0,1.0752,10.8,1,10,10,0,0,0,0,0,0,0,0,0,0,0,102.34,0,0.8801,4.8337e-10
1926,10,2.4,2.4,0,1.0752,10.8,1,10,10,0,0,0,0,0,0,0,0,0,0,0,102.34,0,0.8801,4.8337e-10
1928,120,10.778,90,0,1.12,150,1,120,100,0,0,0,0,0,0,0,0,0,0,0,7.9046,5.8005e-11,1.4644e-11,1.0763e-10
1929,120,44.514,90,0,1.12,150,1,120,100,0,0,0,0,0,0,0,0,0,0,0,7.9146,5.8005e-11,2.5505e-11,2.6061e-11
1944,1,0,0,0,1.1066,1.1,1,1,1,0,0,0,0,0,0,0,0,0,0,0,100.37,0,0,0.083683
1947,1.2,0,0,0,1.1163,1.3,1,1.2,1.2,0,0,0,0,0,0,0,0,0,0,0,100.36,0,0,4.3657
1957,0.2,0,0,0,1.1092,0.2,1,0.2,0.2,0,0,0,0,0,0,0,0,0,0,0,99.523,0,0,0.028003
1962,0.1,0,0,0,1.1139,0.1,1,0.1,0.1,0,0,0,0,0,0,0,0,0,0,0,101.1,0,0,4.4689
1964,17,0,15,0,1.094,52.2,1,17,17,0,0,0,0,0,0,0,0,0,0,0,102.31,0,7.734e-11,0.53971
1964,0,0,15,0,1.035,52.2,0,0,0,0,0,0,0,0,0,0,0,0,0,0,0,0,0,0
1965,0,0,10,0,1.035,33.5,0,0,0,0,0,0,0,0,0,0,0,0,0,0,0,0,0,0
1991,90,17.513,149,-48,1.1197,267.4,1,222,90,0,0,0,0,0,0,0,0,0,0,0,8.7886e-12,7.7927,8.8229e-12,1.7708e-11
1997,0,0,8,0,1.035,27.3,0,26.1,0,0,0,0,0,0,0,0,0,0,0,0,0,0,0,0
1997,27.3,8.001,8.001,0,1.104,28.4,1,27.3,0,0,0,0,0,0,0,0,0,0,0,0,107.6,4.2495e-11,0.08683,1.4499e-10
1997,0,0,8,0,1.035,27.3,0,26.1,0,0,0,0,0,0,0,0,0,0,0,0,0,0,0,0
2001,40,14.329,22.582,0,1.0984,59.5,1,40,40,0,0,0,0,0,0,0,0,0,0,0,107.79,0,1.4056e-10,8.0963e-11
2001,80,65.02,80,0,1.0984,128.1,1,80,80,0,0,0,0,0,0,0,0,0,0,0,107.79,0,7.7441e-11,1.7842e-11
2002,0,0,90,0,1.035,150.4,0,0,0,0,0,0,0,0,0,0,0,0,0,0,0,0,0,0
2007,0.4,0,0,0,1.0484,0.4,1,0.4,0.4,0,0,0,0,0,0,0,0,0,0,0,121.05,0,2.1435,0
2014,0,0,10,0,1.035,30.2,0,0,0,0,0,0,0,0,0,0,0,0,0,0,0,0,0,0
2014,0,0,10,0,1.035,30.2,0,0,0,0,0,0,0,0,0,0,0,0,0,0,0,0,0,0
2014,25,12,12,0,1.0987,55.8,1,25,25,0,0,0,0,0,0,0,0,0,0,0,108.94,0,0.28285,9.6675e-11
2015,0,0,2,0,1.035,5.4,0,0,0,0,0,0,0,0,0,0,0,0,0,0,0,0,0,0
2015,0,0,2,0,1.035,6.3,0,0,0,0,0,0,0,0,0,0,0,0,0,0,0,0,0,0
2035,14,0,0,0,1.0815,15.4,1,14,14,0,0,0,0,0,0,0,0,0,0,0,106.83,0,0.66691,0
2039,8.5,0,0,0,1.09,9.4,1,8.5,8.5,0,0,0,0,0,0,0,0,0,0,0,104.42,0,0,0.93001
2041,120,88.768,90,0,1.1093,150,1,120,90,0,0,0,0,0,0,0,0,0,0,0,7.2689,3.867e-11,9.4186e-10,1.3069e-11
2046,0.1,0,0,0,1.1179,0.1,1,0.1,0.1,0,0,0,0,0,0,0,0,0,0,0,100.93,0,0,2.8242
2056,1,0,0,0,1.0613,1.1,1,1,1,0,0,0,0,0,0,0,0,0,0,0,112.64,0,0.21773,0
2063,0,0,1,0,1.035,3.2,0,0,0,0,0,0,0,0,0,0,0,0,0,0,0,0,0,0
2063,2,2,2,0,1.0943,4.5,1,2,2,0,0,0,0,0,0,0,0,0,0,0,104.7,0,0.40942,5.8005e-10
2070,0.2,0,0,0,1.1131,0.2,1,0.2,0.2,0,0,0,0,0,0,0,0,0,0,0,101.44,0,0,4.1142
2090,0,0,12,0,1.035,51.4,0,50,25,0,0,0,0,0,0,0,0,0,0,0,0,0,0,0
2090,50,12,12,0,1.1089,51.4,1,50,30,0,0,0,0,0,0,0,0,0,0,0,7.2885,5.8005e-11,0.010881,9.6675e-11
2091,28,10,10,0,1.1176,29.7,1,28,20,0,0,0,0,0,0,0,0,0,0,0,6.9885,1.4501e-10,0.231,1.1601e-10
2093,55,12,12,0,1.0528,56.3,1,55,30,0,0,0,0,0,0,0,0,0,0,0,6.4819,4.6404e-11,0.040397,9.6675e-11
2096,3,0,0,0,1.071,3.3,1,3,3,0,0,0,0,0,0,0,0,0,0,0,106.76,0,1.012,0
2118,4.5,0,0,0,1.0736,5,1,4.5,4.5,0,0,0,0,0,0,0,0,0,0,0,113.47,0,1.0019,0
2140,1,0,0,0,1.1088,1.1,1,1,1,0,0,0,0,0,0,0,0,0,0,0,99.981,0,0,0.045884
2175,0.8,0,0,0,1.0939,0.9,1,0.8,0.8,0,0,0,0,0,0,0,0,0,0,0,102.4,0,0,0.31467
2202,0.8,0,0,0,1.0617,0.9,1,0.8,0.8,0,0,0,0,0,0,0,0,0,0,0,112.69,0,0.17665,0
2203,0.2,0,0,0,1.075,0.2,1,0.2,0.2,0,0,0,0,0,0,0,0,0,0,0,102.64,0,0.25776,0
2208,4.5,0,0,0,1.1012,5,1,4.5,4.5,0,0,0,0,0,0,0,0,0,0,0,103.05,0,0.10514,0
2214,200,28.373,104,-23,1.12,225.4,1,200,150,0,0,0,0,0,0,0,0,0,0,0,12.1,2.3202e-11,1.534e-11,2.2582e-11
2215,200,59.448,111,-18,1.12,228.7,1,200,150,0,0,0,0,0,0,0,0,0,0,0,13.979,2.3202e-11,2.2503e-11,1.4979e-11
2228,0.4,0,0,0,1.0655,0.4,1,0.4,0.4,0,0,0,0,0,0,0,0,0,0,0,111.56,0,0.22618,0
2235,14.5,0,0,0,1.0157,16,1,14.5,14.5,0,0,0,0,0,0,0,0,0,0,0,110.41,0,0.21323,0
2253,50,15,15,0,1.1013,66.7,1,50,50,0,0,0,0,0,0,0,0,0,0,0,111.16,0,0.30435,7.734e-11
2254,0,0,15,0,1.035,66.7,0,0,0,0,0,0,0,0,0,0,0,0,0,0,0,0,0,0
2265,2,0,0,0,1.096,2.2,1,2,2,0,0,0,0,0,0,0,0,0,0,0,101.81,0,0,0.32352
2277,4,0,0,0,1.0426,4.4,1,4,4,0,0,0,0,0,0,0,0,0,0,0,122.83,0,1.8315,0
2293,1,0,0,0,1.1,1.1,1,1,1,0,0,0,0,0,0,0,0,0,0,0,111.43,0,0.24541,0
2295,0.2,0,0,0,1.1173,0.2,1,0.2,0.2,0,0,0,0,0,0,0,0,0,0,0,100.85,0,0,1.7618
2296,0.2,0,0,0,1.092,0.2,1,0.2,0.2,0,0,0,0,0,0,0,0,0,0,0,110.33,0,0.15121,0
2328,0,0,15,0,1.035,58,0,0,0,0,0,0,0,0,0,0,0,0,0,0,0,0,0,0
2328,0,0,6,0,1.035,19,0,0,0,0,0,0,0,0,0,0,0,0,0,0,0,0,0,0
2328,2,2,2,0,1.1011,4.5,1,2,2,0,0,0,0,0,0,0,0,0,0,0,111.26,0,0.31934,5.8005e-10
2331,0.1,0,0,0,1.0425,0.1,1,0.1,0.1,0,0,0,0,0,0,0,0,0,0,0,122.02,0,2.3112,0
2343,178.91,41.491,149,-53,1.1127,278.3,1,235,94,0,0,0,0,0,0,0,0,0,0,0,2.0681e-11,1.3663e-11,1.0791e-11,1.2277e-11
2354,0,0,15,0,1.035,52.2,0,0,0,0,0,0,0,0,0,0,0,0,0,0,0,0,0,0
2354,72.5,0,80,0,1.097,128.1,1,72.5,72.5,0,0,0,0,0,0,0,0,0,0,0,100.58,0,1.4501e-11,0.20963
2355,0,0,80,0,1.035,128.1,0,0,0,0,0,0,0,0,0,0,0,0,0,0,0,0,0,0
2360,4.4,0,0,0,1.1176,4.8,1,4.4,4.4,0,0,0,0,0,0,0,0,0,0,0,100.75,0,0,1.7482
2366,2.5,0,0,0,1.1006,2.8,1,2.5,2.5,0,0,0,0,0,0,0,0,0,0,0,102.59,0,0,0.1178
2370,0.2,0,0,0,1.0925,0.2,1,0.2,0.2,0,0,0,0,0,0,0,0,0,0,0,102.96,0,0,0.67247
2431,3,2.7318,10,-0.001,1.1071,14.5,1,3,3,0,0,0,0,0,0,0,0,0,0,0,106.6,0,1.5961e-10,4.245e-10
2431,0,0,10,0,1.035,15.6,0,0,0,0,0,0,0,0,0,0,0,0,0,0,0,0,0,0
2438,0.5,0,0,0,1.0691,0.6,1,0.5,0.5,0,0,0,0,0,0,0,0,0,0,0,112.84,0,0.17716,0
2448,0.6,0.2,0.2,0,1.0945,0.7,1,0.6,0.6,0,0,0,0,0,0,0,0,0,0,0,108.6,0,0.56428,5.8004e-09
2451,65,9.1198,15,0,1.1175,71.6,1,65,65,0,0,0,0,0,0,0,0,0,0,0,107.59,0,1.9731e-10,1.2722e-10
2453,0.1,0,1.6,0,1.1101,1.6,1,0.1,0.1,0,0,0,0,0,0,0,0,0,0,0,109.97,0,7.2506e-10,0.5723
2459,0.6,0.2,0.2,0,1.0698,0.7,1,0.6,0.6,0,0,0,0,0,0,0,0,0,0,0,112.75,0,1.3143,5.8004e-09
2467,0.3,0,2.4,0,1.1109,2.4,1,0.3,0.3,0,0,0,0,0,0,0,0,0,0,0,110.58,0,4.8337e-10,1.0274
2470,29,5,5,0,1.093,32.3,1,29,29,0,0,0,0,0,0,0,0,0,0,0,108.95,0,0.60596,2.3202e-10
2471,0,0,0,0,1.0929,22,1,0,0,0,0,0,0,0,0,0,0,0,0,0,108.96,0,0.60789,0
2480,0,0,1.1,0,1.075,1.1,1,0,0,0,0,0,0,0,0,0,0,0,0,0,118.6,0,1.0546e-09,0.64361
2481,0.2,1.4,1.4,0,1.0753,1.4,1,0.2,0.2,0,0,0,0,0,0,0,0,0,0,0,115.66,0,0.79664,8.2864e-10
2482,0.3,0,0.1,0,1.1115,0.3,1,0.3,0.3,0,0,0,0,0,0,0,0,0,0,0,108.5,0,1.1601e-08,0.54406
2483,0.5,0,0.1,0,1.1143,0.6,1,0.5,0.5,0,0,0,0,0,0,0,0,0,0,0,109.36,0,1.1601e-08,1.1319
2485,0,0,2.1,0,1.0742,2.1,1,0,0,0,0,0,0,0,0,0,0,0,0,0,118.83,0,5.5243e-10,0.66932
2488,4,0,3.3,0,1.1157,5.5,1,4,4,0,0,0,0,0,0,0,0,0,0,0,108.29,0,3.5155e-10,0.94774
2491,12,3,3,0,1.0674,13.5,1,12,12,0,0,0,0,0,0,0,0,0,0,0,112.89,0,1.5415,3.867e-10
2497,3.5,0,1,0,1.1131,4,1,3.5,3.5,0,0,0,0,0,0,0,0,0,0,0,109.91,0,1.1601e-09,1.0788
2500,40,5,5,0,1.0936,40.3,1,40,40,0,0,0,0,0,0,0,0,0,0,0,108.74,0,0.57783,2.3202e-10
2509,0,1.2,1.2,0,1.0689,1.2,1,0,0,0,0,0,0,0,0,0,0,0,0,0,108.3,0,1.6562,9.6675e-10
2511,0,0,2,0,1.1046,2,1,0,0,0,0,0,0,0,0,0,0,0,0,0,110.69,0,5.8005e-10,0.44756
2523,0,0,1.4,0,1.1147,1.4,1,0,0,0,0,0,0,0,0,0,0,0,0,0,110.9,0,8.2864e-10,0.87194
2526,4,1.4515,1.5,0,1.1171,4.6,1,4,4,0,0,0,0,0,0,0,0,0,0,0,107.83,0,3.6825e-06,8.0066e-10
2529,23,20,20,0,1.0788,32.3,1,23,23,0,0,0,0,0,0,0,0,0,0,0,107.09,0,1.319,5.8005e-11
2536,10,1,1,0,1.1129,11,1,10,10,0,0,0,0,0,0,0,0,0,0,0,108.55,0,0.10296,1.1601e-09
2539,0,0,3.1,0,1.1027,3.1,1,0,0,0,0,0,0,0,0,0,0,0,0,0,110.83,0,3.7423e-10,0.37138
2542,0,0,1.2,0,1.1033,1.2,1,0,0,0,0,0,0,0,0,0,0,0,0,0,110.74,0,9.6675e-10,0.38008
2544,0,0,3.6,0,1.111,3.6,1,0,0,0,0,0,0,0,0,0,0,0,0,0,109.27,0,3.2225e-10,0.56844
2546,0.5,0,3.6,0,1.1127,3.6,1,0.5,0.5,0,0,0,0,0,0,0,0,0,0,0,109.12,0,3.2225e-10,0.60251
2547,1,0,1.8,0,1.1112,2.1,1,1,1,0,0,0,0,0,0,0,0,0,0,0,109.25,0,6.445e-10,0.56653
2554,36,24,24,0,1.0697,46.3,1,36,36,0,0,0,0,0,0,0,0,0,0,0,112.28,0,1.9246,4.8337e-11
2556,0,1,1,0,1.0699,1,1,0,0,0,0,0,0,0,0,0,0,0,0,0,112.35,0,1.8787,1.1601e-09
2557,0,0,1.1,0,1.1109,1.1,1,0,0,0,0,0,0,0,0,0,0,0,0,0,109.27,0,1.0546e-09,0.60975
2563,0.1,0,1.7,0,1.1104,1.7,1,0.1,0.1,0,0,0,0,0,0,0,0,0,0,0,107.98,0,6.8241e-10,0.12971
2564,0,0,0.9,0,1.1101,0.9,1,0,0,0,0,0,0,0,0,0,0,0,0,0,107.99,0,1.289e-09,0.11617
2568,0.2,0,0,0,1.0827,0.2,1,0.2,0.2,0,0,0,0,0,0,0,0,0,0,0,111.4,0,0.7358,0
2571,5,10,10,0,1.073,11.4,1,5,5,0,0,0,0,0,0,0,0,0,0,0,107.75,0,1.5612,1.1601e-10
2573,0.4,0,1.9,0,1.1141,2,1,0.4,0.4,0,0,0,0,0,0,0,0,0,0,0,110.62,0,6.1058e-10,0.89214
2574,0,1.3,1.3,0,1.0723,1.3,1,0,0,0,0,0,0,0,0,0,0,0,0,0,112.43,0,1.6302,8.9238e-10
2578,0,0.8,0.8,0,1.087,0.8,1,0,0,0,0,0,0,0,0,0,0,0,0,0,106.61,0,0.99417,1.4501e-09
2582,0,2.5,2.5,0,1.0712,2.5,1,0,0,0,0,0,0,0,0,0,0,0,0,0,108.03,0,1.592,4.6404e-10
2589,0.5,0,0.1,0,1.1167,0.6,1,0.5,0.5,0,0,0,0,0,0,0,0,0,0,0,109.39,0,1.1601e-08,1.0391
2606,0.2,0.1,0.1,0,1.0856,0.2,1,0.2,0.2,0,0,0,0,0,0,0,0,0,0,0,110.57,0,0.75619,1.1601e-08
2625,0.1,0.1,0.1,0,1.0741,0.1,1,0.1,0.1,0,0,0,0,0,0,0,0,0,0,0,112.21,0,1.0961,1.1601e-08
2628,2.1,0,0,0,1.0899,2.3,1,2.1,2.1,0,0,0,0,0,0,0,0,0,0,0,109.22,0,0.6467,0
2632,10.5,7.5,7.5,0,1.0952,13.8,1,10.5,10.5,0,0,0,0,0,0,0,0,0,0,0,108.55,0,0.52783,1.5468e-10
2634,0.2,0.1,0.1,0,1.064,0.2,1,0.2,0.2,0,0,0,0,0,0,0,0,0,0,0,113.28,0,1.8135,1.1601e-08
2643,0.3,0,0,0,1.0898,0.3,1,0.3,0.3,0,0,0,0,0,0,0,0,0,0,0,109.52,0,0.55141,0
2648,0,0,1.9,0,1.0869,1.9,1,0,0,0,0,0,0,0,0,0,0,0,0,0,115,0,6.1058e-10,0.15103
2649,0,0,2,0,1.0886,2,1,0,0,0,0,0,0,0,0,0,0,0,0,0,114.78,0,5.8005e-10,0.19159
2651,0,0,1.2,0,1.1051,1.2,1,0,0,0,0,0,0,0,0,0,0,0,0,0,110.64,0,9.6675e-10,0.43958
2653,0.7,0,4.8,0,1.118,4.9,1,0.7,0.7,0,0,0,0,0,0,0,0,0,0,0,107.94,0,2.4169e-10,1.225
2654,0,0,1.2,0,1.1116,1.2,1,0,0,0,0,0,0,0,0,0,0,0,0,0,109,0,9.6675e-10,0.78136
2655,0,0,0.6,0,1.0833,0.6,1,0,0,0,0,0,0,0,0,0,0,0,0,0,116.38,0,1.9335e-09,0.4246
2658,0,0,1.5,0,1.1144,1.5,1,0,0,0,0,0,0,0,0,0,0,0,0,0,108.42,0,7.734e-10,1.0017
2662,0,0,3.9,0,1.1152,3.9,1,0,0,0,0,0,0,0,0,0,0,0,0,0,108.82,0,2.9746e-10,1.1503
2667,1.3,0.5,0.5,0,1.0629,1.5,1,1.3,1.3,0,0,0,0,0,0,0,0,0,0,0,113.34,0,1.546,2.3202e-09
2668,0,0,2.3,0,1.1156,2.3,1,0,0,0,0,0,0,0,0,0,0,0,0,0,108.64,0,5.0439e-10,1.164
2674,0,1,1,0,1.0768,1,1,0,0,0,0,0,0,0,0,0,0,0,0,0,112.16,0,1.3255,1.1601e-09
2675,55,33.74,35,0,1.1109,69.9,1,55,55,0,0,0,0,0,0,0,0,0,0,0,109.24,0,9.2053e-10,3.4384e-11
2681,2.5,0,0,0,1.0878,2.8,1,2.5,2.5,0,0,0,0,0,0,0,0,0,0,0,109.69,0,0.73118,0
2684,2,1,1,0,1.0862,2.4,1,2,2,0,0,0,0,0,0,0,0,0,0,0,109.94,0,0.77796,1.1601e-09
2690,0,0,1.2,0,1.1174,1.2,1,0,0,0,0,0,0,0,0,0,0,0,0,0,107.83,0,9.6675e-10,1.2464
2691,0,0,1.2,0,1.107,1.2,1,0,0,0,0,0,0,0,0,0,0,0,0,0,110.09,0,9.6675e-10,0.44486
2695,0.1,0,1.2,0,1.1114,1.2,1,0.1,0.1,0,0,0,0,0,0,0,0,0,0,0,107.56,0,9.6675e-10,0.030663
2701,25,2.5,2.5,0,1.0913,26.8,1,25,25,0,0,0,0,0,0,0,0,0,0,0,108.29,0,0.88375,4.6404e-10
2701,25,2.5,2.5,0,1.0913,26.8,1,25,25,0,0,0,0,0,0,0,0,0,0,0,108.29,0,0.88375,4.6404e-10
2701,0,0,0,0,1.035,26.7,0,0,0,0,0,0,0,0,0,0,0,0,0,0,0,0,0,0
2701,0,0,0,0,1.035,26.7,0,0,0,0,0,0,0,0,0,0,0,0,0,0,0,0,0,0
2702,0,0,0,0,1.035,26.7,0,0,0,0,0,0,0,0,0,0,0,0,0,0,0,0,0,0
2702,0,0,0,0,1.035,26.7,0,0,0,0,0,0,0,0,0,0,0,0,0,0,0,0,0,0
2712,20,14,14,0,1.089,26.1,1,20,20,0,0,0,0,0,0,0,0,0,0,0,109.23,0,0.81118,8.2864e-11
2714,0,0,1,0,1.0751,1,1,0,0,0,0,0,0,0,0,0,0,0,0,0,118.59,0,1.1601e-09,0.64356
2716,0,1.2,1.2,0,1.0644,1.2,1,0,0,0,0,0,0,0,0,0,0,0,0,0,109.43,0,1.741,9.6675e-10
2719,5.8,1.3,1.3,0,1.1057,6.5,1,5.8,5.8,0,0,0,0,0,0,0,0,0,0,0,109.59,0,0.36155,8.9238e-10
2720,0,0,26,-18,1.035,56.4,0,0,0,0,0,0,0,0,0,0,0,0,0,0,0,0,0,0
2720,0,0,26,-18,1.035,56.4,0,0,0,0,0,0,0,0,0,0,0,0,0,0,0,0,0,0
2720,0,0,26,-18,1.035,56.4,0,0,0,0,0,0,0,0,0,0,0,0,0,0,0,0,0,0
450,6.8,0,0,0,1.0907,6.8,1,6.8,6.8,0,0,0,0,0,0,0,0,0,0,0,104.99,0,0.75626,0
1166,0.7,0.144,0.144,0.144,1.0815,0.7,1,0.7,0.7,0,0,0,0,0,0,0,0,0,0,0,100.94,0,0.065376,0
1845,3.1,2.35,2.35,2.35,1.1082,3.9,1,3.1,3.1,0,0,0,0,0,0,0,0,0,0,0,98.118,0,0.014447,0
2149,2.567,0.16,0.16,0.16,1.0885,2.6,1,2.567,2.567,0,0,0,0,0,0,0,0,0,0,0,104.41,0,0,0.51152
17,0.69,0.001,0.001,0.001,1.0931,0.7,1,0.69,0.69,0,0,0,0,0,0,0,0,0,0,0,108.5,0,0.10403,0
845,0.02,0.02,0.02,0.02,1.0709,0,1,0.02,0.02,0,0,0,0,0,0,0,0,0,0,0,101.48,0,0,0.34693
1006,0.02,-0.158,-0.158,-0.158,1.1027,0.2,1,0.02,0.02,0,0,0,0,0,0,0,0,0,0,0,99.553,0,0.20272,0
2723,0,0,0,0,1.031,0,1,0,0,0,0,0,0,0,0,0,0,0,0,0,100.34,0,0,0.078067
2724,0,0,0,0,1.0302,0,1,0,0,0,0,0,0,0,0,0,0,0,0,0,101,0,0,0.24742
2725,0,0,0,0,1.1003,0,1,0,0,0,0,0,0,0,0,0,0,0,0,0,104.23,0,0,0.38942
2726,0,0,0,0,1.0058,0,1,0,0,0,0,0,0,0,0,0,0,0,0,0,100.51,0,0,0.012718
2727,125,0,120,0,1.0931,173.3,1,125,125,0,0,0,0,0,0,0,0,0,0,0,98.771,0,9.6675e-12,0.40036
2728,176.69,-46.105,-46.105,-46.105,1.1069,182.6,1,176.69,176.69,0,0,0,0,0,0,0,0,0,0,0,108.27,0,0.062698,0
2729,0,0,0,0,1.0209,0,1,0,0,0,0,0,0,0,0,0,0,0,0,0,102.75,0,0,0.6249
2730,120,-10.014,0,-15.33,1.12,120,1,120,120,0,0,0,0,0,0,0,0,0,0,0,94.436,0,1.1584e-10,2.1824e-10
