17,140,-9.9971,120,-10,1.1008,233.2,1,200,140,0,0,0,0,0,0,0,0,0,0,0,1.9335e-11,15.573,8.9243e-12,3.3345e-05
18,140,91.92,120,-10,1.1009,233.2,1,200,140,0,0,0,0,0,0,0,0,0,0,0,1.9335e-11,15.572,4.1378e-11,1.1383e-11
26,0,0,220,-10,1.03,430.5,0,370,290,0,0,0,0,0,0,0,0,0,0,0,0,0,0,0
26,360,104.24,220,-10,1.1094,421.9,1,360,290,0,0,0,0,0,0,0,0,0,0,0,14.884,1.6573e-11,1.0022e-11,1.0155e-11
27,360,50.983,220,-10,1.11,421.9,1,360,290,0,0,0,0,0,0,0,0,0,0,0,14.042,1.6573e-11,6.8638e-12,1.9023e-11
27,370,50.983,220,-10,1.11,430.5,1,370,290,0,0,0,0,0,0,0,0,0,0,0,14.042,1.4501e-11,6.8638e-12,1.9023e-11
27,370,50.983,220,-10,1.11,430.5,1,370,290,0,0,0,0,0,0,0,0,0,0,0,14.042,1.4501e-11,6.8638e-12,1.9023e-11
28,0,0,220,-10,1,430.5,0,370,290,0,0,0,0,0,0,0,0,0,0,0,0,0,0,0
28,370,-3.8549,220,-10,1.0484,430.5,1,370,290,0,0,0,0,0,0,0,0,0,0,0,15.098,1.4501e-11,5.1824e-12,1.8879e-10
28,370,-3.8549,220,-10,1.0484,430.5,1,370,290,0,0,0,0,0,0,0,0,0,0,0,15.098,1.4501e-11,5.1824e-12,1.8879e-10
29,370,-10,220,-10,1.0484,430.5,1,370,290,0,0,0,0,0,0,0,0,0,0,0,15.093,1.4501e-11,5.0439e-12,0.001707
29,370,-10,220,-10,1.0484,430.5,1,370,290,0,0,0,0,0,0,0,0,0,0,0,15.093,1.4501e-11,5.0439e-12,0.001707
29,370,-10,220,-10,1.0484,430.5,1,370,290,0,0,0,0,0,0,0,0,0,0,0,15.093,1.4501e-11,5.0439e-12,0.001707
43,135,-20,120,-20,1.0984,246.2,1,215,135,0,0,0,0,0,0,0,0,0,0,0,1.4501e-11,7.7928,8.2864e-12,0.68745
43,0,0,120,-20,1.03,275.3,0,247.8,135,0,0,0,0,0,0,0,0,0,0,0,0,0,0,0
43,0,0,120,-20,1.03,275.3,0,247.8,135,0,0,0,0,0,0,0,0,0,0,0,0,0,0,0
44,135,-20,120,-20,1.0984,255,1,225,135,0,0,0,0,0,0,0,0,0,0,0,1.289e-11,7.7969,8.2864e-12,0.68919
44,135,-20,120,-20,1.0984,255,1,225,135,0,0,0,0,0,0,0,0,0,0,0,1.289e-11,7.7969,8.2864e-12,0.68919
44,0,0,120,-20,1.03,255,0,225,135,0,0,0,0,0,0,0,0,0,0,0,0,0,0,0
45,0,0,350,-40,1,610.3,0,500,350,0,0,0,0,0,0,0,0,0,0,0,0,0,0,0
45,350,-40,350,-40,1.0326,610.3,1,500,350,0,0,0,0,0,0,0,0,0,0,0,7.734e-12,7.4834,2.9746e-12,0.58497
55,130,-20,120,-20,1.0934,255,1,225,130,0,0,0,0,0,0,0,0,0,0,0,1.2212e-11,11.062,8.2864e-12,1.1705
56,130,-20,120,-20,1.0934,255,1,225,130,0,0,0,0,0,0,0,0,0,0,0,1.2212e-11,11.064,8.2864e-12,1.173
56,0,0,120,-20,1.03,255,0,225,130,0,0,0,0,0,0,0,0,0,0,0,0,0,0,0
57,130,-20,120,-20,1.0399,255,1,225,130,0,0,0,0,0,0,0,0,0,0,0,1.2212e-11,10.875,8.2864e-12,1.2173
58,0,0,120,-20,1,255,0,225,130,0,0,0,0,0,0,0,0,0,0,0,0,0,0,0
58,130,-20,120,-20,1.0399,255,1,225,130,0,0,0,0,0,0,0,0,0,0,0,1.2212e-11,10.873,8.2864e-12,1.2183
58,0,0,120,-20,1,255,0,225,130,0,0,0,0,0,0,0,0,0,0,0,0,0,0,0
59,63,0,28.8,0,1.0906,69.3,1,63,63,0,0,0,0,0,0,0,0,0,0,0,94.722,0,4.0281e-11,0.71751
78,140,27.688,105,5,1.0965,248.3,1,225,140,0,0,0,0,0,0,0,0,0,0,0,1.3648e-11,1.4364,1.5005e-11,5.1134e-11
78,140,27.688,105,5,1.0965,248.3,1,225,140,0,0,0,0,0,0,0,0,0,0,0,1.3648e-11,1.4364,1.5005e-11,5.1134e-11
79,0,0,105,5,1.03,243.8,0,220,140,0,0,0,0,0,0,0,0,0,0,0,0,0,0,0
79,0,0,105,5,1.03,248.3,0,225,140,0,0,0,0,0,0,0,0,0,0,0,0,0,0,0
79,140,5,105,5,1.0979,248.3,1,225,140,0,0,0,0,0,0,0,0,0,0,0,1.3648e-11,1.2005,1.1601e-11,0.12682
82,380,-37,192,-37,1.0444,425.8,1,380,220,0,0,0,0,0,0,0,0,0,0,0,1.2433,7.2506e-12,5.0659e-12,0.27373
82,370,-27.698,174,-27.698,1.0444,408.9,1,370,220,0,0,0,0,0,0,0,0,0,0,0,1.2433,7.734e-12,5.7517e-12,0.27373
104,189.98,25.201,113,-48,1.1059,251.8,1,225,120,0,0,0,0,0,0,0,0,0,0,0,3.3125e-11,1.6578e-11,1.3213e-11,1.5848e-11
105,0,0,113,-48,1.03,251.8,0,225,134,0,0,0,0,0,0,0,0,0,0,0,0,0,0,0
106,79,31.963,90,-5,1.0999,150,1,120,79,0,0,0,0,0,0,0,0,0,0,0,2.8295e-11,1.3731,1.9989e-11,3.1385e-11
107,79,1.3254,90,-5,1.0998,150,1,120,79,0,0,0,0,0,0,0,0,0,0,0,2.8295e-11,1.3705,1.3083e-11,1.834e-10
116,0,0,90,-20,1.03,150,0,120,90,0,0,0,0,0,0,0,0,0,0,0,0,0,0,0
117,70,-20,90,-20,1.0957,150,1,120,70,0,0,0,0,0,0,0,0,0,0,0,2.3202e-11,3.0841,1.0546e-11,0.11643
118,80,33,68,33,1.0999,129.3,1,110,80,0,0,0,0,0,0,0,0,0,0,0,3.867e-11,5.0306,3.3146e-11,0.26317
125,215,52.026,113,-11,1.11,242.9,1,215,160,0,0,0,0,0,0,0,0,0,0,0,1.1353,2.1093e-11,1.9026e-11,1.8407e-11
126,225,84,84,-5,1.1099,240.2,1,225,140,0,0,0,0,0,0,0,0,0,0,0,1.141,1.3648e-11,0.0013659,1.3035e-11
126,0,0,80,-5,1.03,229.4,0,215,160,0,0,0,0,0,0,0,0,0,0,0,0,0,0,0
127,225,-7.5,79,-7.5,1.0401,238.5,1,225,140,0,0,0,0,0,0,0,0,0,0,0,1.0091,1.3648e-11,1.3412e-11,0.11926
127,220,-10,100,-10,1.0401,241.7,1,220,160,0,0,0,0,0,0,0,0,0,0,0,1.0091,1.9335e-11,1.0546e-11,0.11926
132,0,0,0,0,1.03,0,0,0,0,0,0,0,0,0,0,0,0,0,0,0,0,0,0,0
132,0,0,0,0,1.03,0,0,0,0,0,0,0,0,0,0,0,0,0,0,0,0,0,0,0
133,0,0,0,0,1.03,0,0,0,0,0,0,0,0,0,0,0,0,0,0,0,0,0,0,0
133,0,0,0,0,1.03,0,0,0,0,0,0,0,0,0,0,0,0,0,0,0,0,0,0,0
134,0,0,90,0,1.03,150,0,120,102,0,0,0,0,0,0,0,0,0,0,0,0,0,0,0
134,120,60.105,90.001,0,1.1065,150,1,120,100,0,0,0,0,0,0,0,0,0,0,0,2.1842,5.8005e-11,3.8805e-11,1.9301e-11
135,0,0,90,0,1.03,150,0,120,102,0,0,0,0,0,0,0,0,0,0,0,0,0,0,0
146,42.324,-0.001,12,-0.001,1.1011,51.4,1,50,30,0,0,0,0,0,0,0,0,0,0,0,1.5112e-10,9.4137e-11,9.6667e-11,0.020099
146,42.324,-0.001,12,-0.001,1.1011,51.4,1,50,30,0,0,0,0,0,0,0,0,0,0,0,1.5112e-10,9.4137e-11,9.6667e-11,0.020099
147,0,0,90,0,1.03,150,0,120,90,0,0,0,0,0,0,0,0,0,0,0,0,0,0,0
148,90,0,120,0,1.0848,252.4,1,222,90,0,0,0,0,0,0,0,0,0,0,0,8.7886e-12,14.556,9.6675e-12,1.5647
148,0,0,120,0,1.03,237.5,0,205,135,0,0,0,0,0,0,0,0,0,0,0,0,0,0,0
148,0,0,120,0,1.03,237.5,0,205,135,0,0,0,0,0,0,0,0,0,0,0,0,0,0,0
148,90,0,120,0,1.0848,252.4,1,222,90,0,0,0,0,0,0,0,0,0,0,0,8.7886e-12,14.556,9.6675e-12,1.5647
150,90,0,120,0,1.0209,252.4,1,222,90,0,0,0,0,0,0,0,0,0,0,0,8.7886e-12,14.163,9.6675e-12,1.7346
151,90,0,120,0,1.0209,252.4,1,222,90,0,0,0,0,0,0,0,0,0,0,0,8.7886e-12,14.161,9.6675e-12,1.735
151,0,0,120,0,1,252.4,0,222,90,0,0,0,0,0,0,0,0,0,0,0,0,0,0,0
155,94,16.504,120,0,1.0891,263.9,1,235,94,0,0,0,0,0,0,0,0,0,0,0,8.2277e-12,4.6527,1.1209e-11,7.0294e-11
155,94,16.504,120,0,1.0891,263.9,1,235,94,0,0,0,0,0,0,0,0,0,0,0,8.2277e-12,4.6527,1.1209e-11,7.0294e-11
155,0,0,120,0,1.03,237.5,0,205,130,0,0,0,0,0,0,0,0,0,0,0,0,0,0,0
155,104,16.504,120,0,1.0891,287.3,1,261,104,0,0,0,0,0,0,0,0,0,0,0,7.3892e-12,4.6527,1.1209e-11,7.0294e-11
156,0,0,120,0,1.03,237.5,0,205,130,0,0,0,0,0,0,0,0,0,0,0,0,0,0,0
156,130,15.998,120,0,1.0889,237.5,1,205,130,0,0,0,0,0,0,0,0,0,0,0,1.5468e-11,4.4295,1.1155e-11,7.2516e-11
156,120,15.998,120,0,1.0889,238.4,1,206,120,0,0,0,0,0,0,0,0,0,0,0,1.349e-11,4.4295,1.1155e-11,7.2516e-11
156,120,15.998,120,0,1.0889,238.4,1,206,120,0,0,0,0,0,0,0,0,0,0,0,1.349e-11,4.4295,1.1155e-11,7.2516e-11
159,120,0,120,0,1.034,238.4,1,206,120,0,0,0,0,0,0,0,0,0,0,0,1.349e-11,4.6982,9.6675e-12,0.11213
165,200,28.103,120,0,1.1008,233.2,1,200,150,0,0,0,0,0,0,0,0,0,0,0,7.3217,2.3202e-11,1.2624e-11,4.1281e-11
165,0,0,120,0,1.03,233.2,0,200,150,0,0,0,0,0,0,0,0,0,0,0,0,0,0,0
166,200,36.095,120,0,1.1007,233.2,1,200,150,0,0,0,0,0,0,0,0,0,0,0,7.3311,2.3202e-11,1.3826e-11,3.214e-11
165,0,0,120,0,1.03,233.2,0,200,150,0,0,0,0,0,0,0,0,0,0,0,0,0,0,0
205,0,-30,80,-30,1.0176,196.1,1,0,0,0,0,0,0,0,0,0,0,0,0,0,105.91,0,1.0546e-11,0.00023925
205,0,-30,80,-30,1.0176,196.1,1,0,0,0,0,0,0,0,0,0,0,0,0,0,105.91,0,1.0546e-11,0.00023925
205,0,-30,80,-30,1.0176,196.1,1,0,0,0,0,0,0,0,0,0,0,0,0,0,105.91,0,1.0546e-11,0.00023925
206,0,73.284,80,-30,1.0177,196.1,1,0,0,0,0,0,0,0,0,0,0,0,0,0,105.91,0,1.7273e-10,1.1232e-11
215,37.079,0,20,0,1.1184,58.5,1,37.079,37.079,0,0,0,0,0,0,0,0,0,0,0,94.446,0,5.8005e-11,2.1707
215,33.708,0,20,0,1.1184,53.9,1,33.708,33.708,0,0,0,0,0,0,0,0,0,0,0,94.446,0,5.8005e-11,2.1707
215,33.708,0,20,0,1.1184,53.9,1,33.708,33.708,0,0,0,0,0,0,0,0,0,0,0,94.446,0,5.8005e-11,2.1707
215,15.506,0,20,0,1.1184,30.5,1,15.506,15.506,0,0,0,0,0,0,0,0,0,0,0,94.446,0,5.8005e-11,2.1707
229,5.5,1.5,1.5,0,1.1069,7.3,1,5.5,5.5,0,0,0,0,0,0,0,0,0,0,0,93.654,0,0.14513,7.734e-10
230,5.5,7,7,0,1.1073,10,1,5.5,5.5,0,0,0,0,0,0,0,0,0,0,0,93.65,0,0.1327,1.6573e-10
239,3,8,8,0,1.0753,15.4,1,3,3,0,0,0,0,0,0,0,0,0,0,0,98.996,0,0.46289,1.4501e-10
246,370,135.03,220,-14,1.0854,430.5,1,370,290,0,0,0,0,0,0,0,0,0,0,0,14.415,1.4501e-11,1.3653e-11,7.7842e-12
291,2,1.224,2,0,1.101,3.2,1,2,2,0,0,0,0,0,0,0,0,0,0,0,96.051,0,1.495e-09,9.4778e-10
294,2,2,2,0,1.0795,4.8,1,2,2,0,0,0,0,0,0,0,0,0,0,0,98.88,0,0.023152,5.8005e-10
306,9.167,7,7,0,1.1019,24,1,9.167,9.167,0,0,0,0,0,0,0,0,0,0,0,93.571,0,0.38109,1.6573e-10
306,16.296,7,7,0,1.1019,27.9,1,16.296,16.296,0,0,0,0,0,0,0,0,0,0,0,93.571,0,0.38109,1.6573e-10
306,11.204,7.617,7.617,6,1.1019,31,1,11.204,11.204,0,0,0,0,0,0,0,0,0,0,0,93.571,0,0.38109,7.1744e-10
306,9.167,7,7,0,1.1019,26.9,1,9.167,9.167,0,0,0,0,0,0,0,0,0,0,0,93.571,0,0.38109,1.6573e-10
306,9.167,7.929,7.929,0,1.1019,28.1,1,9.167,9.167,0,0,0,0,0,0,0,0,0,0,0,93.571,0,0.38109,1.4631e-10
307,36.5,15,15,0,1.1067,57,1,36.5,36.5,0,0,0,0,0,0,0,0,0,0,0,93.644,0,0.15534,7.734e-11
307,36.5,15,15,0,1.1067,57,1,36.5,36.5,0,0,0,0,0,0,0,0,0,0,0,93.644,0,0.15534,7.734e-11
308,32,13.306,15,0,1.1129,36.7,1,32,32,0,0,0,0,0,0,0,0,0,0,0,93.034,0,6.8497e-10,8.7184e-11
308,40,15.109,16.829,0,1.1129,57.5,1,40,40,0,0,0,0,0,0,0,0,0,0,0,93.034,0,6.7457e-10,7.6781e-11
310,35,20,20,0,1.1106,53.9,1,35,35,0,0,0,0,0,0,0,0,0,0,0,92.369,0,0.2444,5.8005e-11
310,75,25.599,25.599,0,1.1106,103.2,1,75,75,0,0,0,0,0,0,0,0,0,0,0,92.369,0,0.2444,4.5318e-11
311,45,36.991,40,0,1.1135,64,1,45,45,0,0,0,0,0,0,0,0,0,0,0,92.704,0,3.8559e-10,3.1361e-11
319,2,3,3,0,1.1083,4.1,1,2,2,0,0,0,0,0,0,0,0,0,0,0,92.577,0,0.30438,3.867e-10
345,1,1,1,0,1.0805,1.9,1,1,1,0,0,0,0,0,0,0,0,0,0,0,98.341,0,0.21287,1.1601e-09
362,40,12,12,0,1.0842,47.8,1,40,40,0,0,0,0,0,0,0,0,0,0,0,97.551,0,0.87455,9.6675e-11
363,40,12,12,0,1.0812,47.8,1,40,40,0,0,0,0,0,0,0,0,0,0,0,97.339,0,0.24988,9.6675e-11
364,0,0,12,0,1.035,47.8,0,0,0,0,0,0,0,0,0,0,0,0,0,0,0,0,0,0
364,46,12,12,0,1.0872,71,1,46,46,0,0,0,0,0,0,0,0,0,0,0,97.2,0,0.92053,9.6675e-11
365,40,12,12,0,1.088,47.8,1,40,40,0,0,0,0,0,0,0,0,0,0,0,97.117,0,0.048555,9.6675e-11
365,40,12,12,0,1.088,47.8,1,40,40,0,0,0,0,0,0,0,0,0,0,0,97.117,0,0.048555,9.6675e-11
368,1,1,1,0,1.0786,1.9,1,1,1,0,0,0,0,0,0,0,0,0,0,0,100.41,0,0.21885,1.1601e-09
382,15,4.9346,10,0,1.0933,55.9,1,55,15,0,0,0,0,0,0,0,0,0,0,0,2.9002e-11,16.522,2.2902e-10,2.351e-10
382,120,44.246,120,-10,1.0933,255.9,1,226,120,0,0,0,0,0,0,0,0,0,0,0,1.0944e-11,16.522,1.5314e-11,2.1386e-11
383,15,0,10,0,1.1017,55.9,1,55,15,0,0,0,0,0,0,0,0,0,0,0,2.9002e-11,15.675,1.1601e-10,0.33089
386,2.5,2,2,0,1.1034,4.8,1,2.5,2.5,0,0,0,0,0,0,0,0,0,0,0,94.424,0,0.19951,5.8005e-10
395,1,1,1,0,1.0842,1.9,1,1,1,0,0,0,0,0,0,0,0,0,0,0,97.294,0,0.092603,1.1601e-09
421,4,4,4,0,1.084,7.7,1,4,4,0,0,0,0,0,0,0,0,0,0,0,97.666,0,0.45664,2.9002e-10
426,3,3,3,0,1.1073,4.5,1,3,3,0,0,0,0,0,0,0,0,0,0,0,92.374,0,0.37025,3.867e-10
431,5,8,8,0,1.0873,13.6,1,5,5,0,0,0,0,0,0,0,0,0,0,0,98.992,0,0.28341,1.4501e-10
440,2,2,2,0,1.061,3.6,1,2,2,0,0,0,0,0,0,0,0,0,0,0,92.207,0,0.54467,5.8005e-10
447,3.5,0,20,0,1.0819,21.3,1,3.5,3.5,0,0,0,0,0,0,0,0,0,0,0,96.905,0,5.8005e-11,0.04573
447,3.5,0,20,0,1.0819,21.3,1,3.5,3.5,0,0,0,0,0,0,0,0,0,0,0,96.905,0,5.8005e-11,0.04573
463,0,0,2,0,1.0791,4,1,0,0,0,0,0,0,0,0,0,0,0,0,0,97.887,0,5.8005e-10,0.07928
482,1.4,0.7,0.7,0,1.0518,1.7,1,1.4,1.4,0,0,0,0,0,0,0,0,0,0,0,92.865,0,0.39117,1.6573e-09
490,3,3,3,0,1.0937,5.3,1,3,3,0,0,0,0,0,0,0,0,0,0,0,96.241,0,0.19447,3.867e-10
522,0,0,1,0,1.1029,1.9,1,0,0,0,0,0,0,0,0,0,0,0,0,0,92.725,0,1.1601e-09,0.58865
533,0.5,1,1,0,1.085,1.9,1,0.5,0.5,0,0,0,0,0,0,0,0,0,0,0,97.775,0,0.49623,1.1601e-09
534,35.89,11.063,14,0,1.1038,53.9,1,35.89,35.89,0,0,0,0,0,0,0,0,0,0,0,95.353,0,3.9502e-10,1.0486e-10
534,22.086,11.063,14,0,1.1038,34.9,1,22.086,22.086,0,0,0,0,0,0,0,0,0,0,0,95.353,0,3.9502e-10,1.0486e-10
534,22.086,11.063,14,0,1.1038,34.9,1,22.086,22.086,0,0,0,0,0,0,0,0,0,0,0,95.353,0,3.9502e-10,1.0486e-10
534,72.469,11.063,14,0,1.1038,105.9,1,72.469,72.469,0,0,0,0,0,0,0,0,0,0,0,95.353,0,3.9502e-10,1.0486e-10
534,72.469,11.063,14,0,1.1038,105.9,1,72.469,72.469,0,0,0,0,0,0,0,0,0,0,0,95.353,0,3.9502e-10,1.0486e-10
535,24.573,13.356,17.5,0,1.1025,36.5,1,24.573,24.573,0,0,0,0,0,0,0,0,0,0,0,95.076,0,2.7994e-10,8.6861e-11
535,23.805,13.356,17.5,0,1.1025,35.6,1,23.805,23.805,0,0,0,0,0,0,0,0,0,0,0,95.076,0,2.7994e-10,8.6861e-11
535,95.99,13.356,17.5,0,1.1025,126.2,1,95.99,95.99,0,0,0,0,0,0,0,0,0,0,0,95.076,0,2.7994e-10,8.6861e-11
535,80.631,13.356,17.5,0,1.1025,106.4,1,80.631,80.631,0,0,0,0,0,0,0,0,0,0,0,95.076,0,2.7994e-10,8.6861e-11
549,1,0.7,0.7,0,1.0833,1.7,1,1,1,0,0,0,0,0,0,0,0,0,0,0,97.306,0,0.59071,1.6573e-09
557,25.724,5.051,5.051,0,1.0878,34.4,1,25.724,25.724,0,0,0,0,0,0,0,0,0,0,0,96.72,0,0.46474,2.2968e-10
557,21.184,5.051,5.051,0,1.0878,28.5,1,21.184,21.184,0,0,0,0,0,0,0,0,0,0,0,96.72,0,0.46474,2.2968e-10
557,19.671,5,5,0,1.0878,26.5,1,19.671,19.671,0,0,0,0,0,0,0,0,0,0,0,96.72,0,0.46474,2.3202e-10
557,22.697,5.051,5.051,0,1.0878,30.4,1,22.697,22.697,0,0,0,0,0,0,0,0,0,0,0,96.72,0,0.46474,2.2968e-10
557,25.724,5.051,5.051,0,1.0878,34.4,1,25.724,25.724,0,0,0,0,0,0,0,0,0,0,0,96.72,0,0.46474,2.2968e-10
558,31.032,5.064,5.064,0,1.0819,34.4,1,31.032,31.032,0,0,0,0,0,0,0,0,0,0,0,96.914,0,0.58175,2.2909e-10
558,31.032,5.064,5.064,0,1.0819,34.4,1,31.032,31.032,0,0,0,0,0,0,0,0,0,0,0,96.914,0,0.58175,2.2909e-10
558,22.817,5,5,0,1.0819,26.5,1,22.817,22.817,0,0,0,0,0,0,0,0,0,0,0,96.914,0,0.58175,2.3202e-10
558,30.119,5.064,5.064,0,1.0819,34.4,1,30.119,30.119,0,0,0,0,0,0,0,0,0,0,0,96.914,0,0.58175,2.2909e-10
581,3,3,3,0,1.078,5.3,1,3,3,0,0,0,0,0,0,0,0,0,0,0,99.225,0,0.057873,3.867e-10
594,2.07,0,1.08,0,1.0727,4.4,1,2.07,2.07,0,0,0,0,0,0,0,0,0,0,0,95.965,0,1.0742e-09,0.56359
601,4.05,0,1.8,0,1.0749,4.4,1,4.05,4.05,0,0,0,0,0,0,0,0,0,0,0,96.117,0,6.445e-10,0.57682
622,110,-0.001,30,-0.001,1.0755,114,1,110,110,0,0,0,0,0,0,0,0,0,0,0,93.512,0,3.8669e-11,0.36035
622,0,0,30,0,1.035,65.3,0,0,0,0,0,0,0,0,0,0,0,0,0,0,0,0,0,0
626,2.25,0,0.9,0,1.0965,2.4,1,2.25,2.25,0,0,0,0,0,0,0,0,0,0,0,94.843,0,1.289e-09,0.83416
630,4.5,0,2.52,0,1.0745,5.2,1,4.5,4.5,0,0,0,0,0,0,0,0,0,0,0,95.587,0,4.6036e-10,0.3674
631,5.4,0,2.52,0,1.0748,6,1,5.4,5.4,0,0,0,0,0,0,0,0,0,0,0,95.566,0,4.6036e-10,0.37876
655,0.81,0,0.36,0,1.0387,0.9,1,0.81,0.81,0,0,0,0,0,0,0,0,0,0,0,97.613,0,3.2225e-09,0.16263
660,135,31.179,120,-20,1.0873,255,1,225,135,0,0,0,0,0,0,0,0,0,0,0,1.289e-11,9.1214,1.3061e-11,2.2667e-11
661,135,-20,120,-20,1.0869,255,1,225,135,0,0,0,0,0,0,0,0,0,0,0,1.289e-11,9.1121,8.2864e-12,0.00081157
667,1.89,0,0.72,0,1.0338,2,1,1.89,1.89,0,0,0,0,0,0,0,0,0,0,0,97.094,0,1.6112e-09,0.19447
671,7.65,0,2.7,0,1.0807,8.6,1,7.65,7.65,0,0,0,0,0,0,0,0,0,0,0,95.896,0,4.2967e-10,0.58884
673,2.7,0,0.9,0,1.0686,4.4,1,2.7,2.7,0,0,0,0,0,0,0,0,0,0,0,95.871,0,1.289e-09,0.54222
681,190,0,30,0,1.0988,192.4,1,190,190,0,0,0,0,0,0,0,0,0,0,0,93.932,0,3.867e-11,0.78018
681,24.998,0,30,0,1.0988,77.5,1,24.998,24.998,0,0,0,0,0,0,0,0,0,0,0,93.932,0,3.867e-11,0.78018
687,9,0,4.5,0,1.0963,10.1,1,9,9,0,0,0,0,0,0,0,0,0,0,0,94.669,0,2.578e-10,0.8031
699,5.4,0,2.7,0,1.0931,6,1,5.4,5.4,0,0,0,0,0,0,0,0,0,0,0,94.732,0,4.2967e-10,0.7176
702,0.9,0,0.9,0,1.0719,1.3,1,0.9,0.9,0,0,0,0,0,0,0,0,0,0,0,94.87,0,1.289e-09,0.95159
712,9,0,2,0,1.0715,9.2,1,9,9,0,0,0,0,0,0,0,0,0,0,0,94.218,0,5.8005e-10,0.78118
718,1.44,0,0.36,0,1.0402,1.5,1,1.44,1.44,0,0,0,0,0,0,0,0,0,0,0,97.645,0,3.2225e-09,0.15663
722,2.25,0,0.9,0,1.0779,2.4,1,2.25,2.25,0,0,0,0,0,0,0,0,0,0,0,96.124,0,1.289e-09,0.67592
731,1.35,0,0.45,0,1.083,4.3,1,1.35,1.35,0,0,0,0,0,0,0,0,0,0,0,95.358,0,2.578e-09,1.338
736,130,-20,120,-20,1.0786,255,1,225,130,0,0,0,0,0,0,0,0,0,0,0,1.2212e-11,12.121,8.2864e-12,0.9459
740,1.8,0,0,0,1.0804,4.3,1,1.8,1.8,0,0,0,0,0,0,0,0,0,0,0,94.724,0,0,0.60504
747,4.68,0,2.7,0,1.0427,5.4,1,4.68,4.68,0,0,0,0,0,0,0,0,0,0,0,97.851,0,4.2967e-10,0.27192
759,90,0,30,0,1.0668,105.2,1,90,90,0,0,0,0,0,0,0,0,0,0,0,93.921,0,3.867e-11,0.6299
760,0,0,0,0,1.035,1.3,0,0,0,0,0,0,0,0,0,0,0,0,0,0,0,0,0,0
778,9,0,30,0,1.0583,31.3,1,9,9,0,0,0,0,0,0,0,0,0,0,0,95.431,0,3.867e-11,0.62635
780,1.26,0,0.63,0,1.0755,1.4,1,1.26,1.26,0,0,0,0,0,0,0,0,0,0,0,93.517,0,1.8414e-09,0.36064
783,6,0,3,0,1.0937,6.7,1,6,6,0,0,0,0,0,0,0,0,0,0,0,94.836,0,3.867e-10,0.77587
788,2,0,1,0,1.0338,95.9,1,2,2,0,0,0,0,0,0,0,0,0,0,0,97.679,0,1.1601e-09,0.29032
792,0,0,23,0,1.035,71.8,0,0,0,0,0,0,0,0,0,0,0,0,0,0,0,0,0,0
792,0,0,23,0,1.035,71.8,0,0,0,0,0,0,0,0,0,0,0,0,0,0,0,0,0,0
792,0,0,11,0,1.035,23.7,0,0,0,0,0,0,0,0,0,0,0,0,0,0,0,0,0,0
792,0,0,10,0,1.035,23.3,0,0,0,0,0,0,0,0,0,0,0,0,0,0,0,0,0,0
803,0,0,10,0,1.0785,55.9,1,55,0,0,0,0,0,0,0,0,0,0,0,0,2.1093e-11,16.478,1.1601e-10,0.95525
804,0,0,10,0,1.0646,120.4,1,120,0,0,0,0,0,0,0,0,0,0,0,0,9.6675e-12,15.558,1.1601e-10,0.4834
809,0,0,0,0,1.035,3.3,0,0,0,0,0,0,0,0,0,0,0,0,0,0,0,0,0,0
815,2.7,0,1.62,0,1.0785,3.1,1,2.7,2.7,0,0,0,0,0,0,0,0,0,0,0,95.356,0,7.1611e-10,0.51203
834,0.9,0,0,0,1.0719,1.5,1,0.9,0.9,0,0,0,0,0,0,0,0,0,0,0,96.08,0,0,1.426
840,25,0,5.592,0,1.059,51.3,1,25,25,0,0,0,0,0,0,0,0,0,0,0,95.181,0,2.0746e-10,0.29926
840,25,0,5.592,0,1.059,51.3,1,25,25,0,0,0,0,0,0,0,0,0,0,0,95.181,0,2.0746e-10,0.29926
844,1.9,0.311,0.311,0,1.0803,3.5,1,1.9,1.9,0,0,0,0,0,0,0,0,0,0,0,95.223,0,0.082181,3.7302e-09
848,3.011,0.011,0.011,0,1.0716,5.6,1,3.011,3.011,0,0,0,0,0,0,0,0,0,0,0,96.15,0,0.35262,1.0544e-07
854,7,0.932,0.932,0,1.0869,14.5,1,7,7,0,0,0,0,0,0,0,0,0,0,0,93.95,0,0.57517,1.2447e-09
873,68,7.8312,41.2,0,1.1001,87.7,1,68,68,0,0,0,0,0,0,0,0,0,0,0,91.964,0,3.4766e-11,1.4814e-10
876,0,0,0,0,1.035,1.9,0,0,0,0,0,0,0,0,0,0,0,0,0,0,0,0,0,0
896,0,0,45,-10,1.035,65.8,0,0,0,0,0,0,0,0,0,0,0,0,0,0,0,0,0,0
896,0,0,45,-10,1.035,71.1,0,0,0,0,0,0,0,0,0,0,0,0,0,0,0,0,0,0
896,40,45,45,-10,1.0925,71.1,1,40,40,0,0,0,0,0,0,0,0,0,0,0,93.122,0,0.10576,2.1093e-11
902,0.111,0.011,0.011,0,1.0658,0.3,1,0.111,0.111,0,0,0,0,0,0,0,0,0,0,0,97.58,0,0.40766,1.0544e-07
903,0,0,0,0,1.035,2.5,0,0,0,0,0,0,0,0,0,0,0,0,0,0,0,0,0,0
952,2.6,0,0.414,0,1.0723,3,1,2.6,2.6,0,0,0,0,0,0,0,0,0,0,0,95.897,0,2.8022e-09,0.11824
958,0,0,0,0,1.035,2.5,0,0,0,0,0,0,0,0,0,0,0,0,0,0,0,0,0,0
972,27,17.848,32,5,1.1011,54,1,27,27,0,0,0,0,0,0,0,0,0,0,0,92.21,0,8.1973e-11,9.0296e-11
972,0,0,32,5,1.035,42.5,0,0,0,0,0,0,0,0,0,0,0,0,0,0,0,0,0,0
972,3,3.9677,7,1,1.1011,11.4,1,3,3,0,0,0,0,0,0,0,0,0,0,0,92.21,0,3.8258e-10,3.9091e-10
972,80,16.104,110,-40,1.1011,162.2,1,80,80,0,0,0,0,0,0,0,0,0,0,0,92.21,0,1.2355e-11,2.0678e-11
973,80,24.937,110,-40,1.1003,162.2,1,80,80,0,0,0,0,0,0,0,0,0,0,0,92.338,0,1.3638e-11,1.7865e-11
977,13.511,2.385,2.385,0,1.1018,13.7,1,13.511,13.511,0,0,0,0,0,0,0,0,0,0,0,92.229,0,0.28672,4.8641e-10
986,5.1,0.828,0.828,0,1.0822,10.2,1,5.1,5.1,0,0,0,0,0,0,0,0,0,0,0,95.439,0,0.18647,1.4011e-09
998,299.04,49.606,172,-59,1.1017,422.6,1,386,220,0,0,0,0,0,0,0,0,0,0,0,1.3341e-11,1.4677e-11,9.4784e-12,1.0682e-11
999,292.43,45.66,172,-59,1.1013,408,1,370,220,0,0,0,0,0,0,0,0,0,0,0,1.4956e-11,1.6016e-11,9.1824e-12,1.1084e-11
1002,14.999,2.38,2.38,0,1.1019,17.8,1,14.999,14.999,0,0,0,0,0,0,0,0,0,0,0,92.288,0,0.25564,4.8744e-10
1004,110,21.82,110,-40,1.1018,174.1,1,110,110,0,0,0,0,0,0,0,0,0,0,0,92.037,0,1.3156e-11,1.8766e-11
1007,1,0,0.104,0,1.0663,2.5,1,1,1,0,0,0,0,0,0,0,0,0,0,0,96.545,0,1.1155e-08,0.10567
1010,15.011,3.325,3.325,0,1.083,51.6,1,15.011,15.011,0,0,0,0,0,0,0,0,0,0,0,94.665,0,0.075207,3.489e-10
1012,15,2.07,2.07,0,1.0799,32.9,1,15,15,0,0,0,0,0,0,0,0,0,0,0,94.931,0,0.20182,5.6043e-10
1021,20,9,18,9,1.08,30,1,20,20,0,0,0,0,0,0,0,0,0,0,0,96.138,0,1.289e-10,0.038609
1022,19.998,9,18,9,1.08,30,1,19.998,19.998,0,0,0,0,0,0,0,0,0,0,0,96.137,0,1.289e-10,0.038848
1023,19.998,10.5,14,10.5,1.08,32.2,1,19.998,19.998,0,0,0,0,0,0,0,0,0,0,0,96.138,0,3.3146e-10,0.038816
1076,1,0,0,0,1.0852,3.2,1,1,1,0,0,0,0,0,0,0,0,0,0,0,92.841,0,0,0.10018
1108,1,0,0,0,1.0807,3,1,1,1,0,0,0,0,0,0,0,0,0,0,0,94.009,0,0,0.22017
1110,0,0,37.5,16.8,1.035,62.5,0,0,0,0,0,0,0,0,0,0,0,0,0,0,0,0,0,0
1111,0,0,37.5,7.5,1.035,62.5,0,0,0,0,0,0,0,0,0,0,0,0,0,0,0,0,0,0
1111,40,37.5,37.5,7.5,1.0917,62.5,1,40,40,0,0,0,0,0,0,0,0,0,0,0,93.268,0,0.071536,3.867e-11
1112,0,0,37.5,16.8,1.035,62.5,0,0,0,0,0,0,0,0,0,0,0,0,0,0,0,0,0,0
1114,4,0,0,0,1.0973,7.6,1,4,4,0,0,0,0,0,0,0,0,0,0,0,90.613,0,0.064961,0
1129,6.999,0,1.139,0,1.1014,7.8,1,6.999,6.999,0,0,0,0,0,0,0,0,0,0,0,92.397,0,1.0185e-09,0.48787
1151,20,3.625,3.625,0,1.0746,36.2,1,20,20,0,0,0,0,0,0,0,0,0,0,0,95.176,0,0.071949,3.2003e-10
1152,25,3.625,3.625,0,1.0749,55.1,1,25,25,0,0,0,0,0,0,0,0,0,0,0,95.124,0,0.067198,3.2003e-10
1153,20,3.624,3.624,0,1.0737,36.2,1,20,20,0,0,0,0,0,0,0,0,0,0,0,95.02,0,0.051948,3.2012e-10
1178,0,0,42,16.8,1.035,65.3,0,0,0,0,0,0,0,0,0,0,0,0,0,0,0,0,0,0
1178,0,0,42,16.8,1.035,65.3,0,0,0,0,0,0,0,0,0,0,0,0,0,0,0,0,0,0
1178,60,26.474,52.5,0,1.0971,87.5,1,60,60,0,0,0,0,0,0,0,0,0,0,0,92.425,0,4.4575e-11,4.382e-11
1179,60,12.517,52.5,0,1.0925,87.5,1,60,60,0,0,0,0,0,0,0,0,0,0,0,93.46,0,2.9015e-11,9.2678e-11
1179,45,24.725,42,15.857,1.0925,65.3,1,45,45,0,0,0,0,0,0,0,0,0,0,0,93.46,0,6.7155e-11,1.3082e-10
1187,15,2.762,2.762,0,1.0903,22.2,1,15,15,0,0,0,0,0,0,0,0,0,0,0,93.039,0,0.20023,4.2002e-10
1187,17,2.762,2.762,0,1.0903,50.1,1,17,17,0,0,0,0,0,0,0,0,0,0,0,93.039,0,0.20023,4.2002e-10
1188,7.01,1.149,1.149,0,1.0956,9.4,1,7.01,7.01,0,0,0,0,0,0,0,0,0,0,0,92.476,0,0.063953,1.0097e-09
1226,1,0,0.207,0,1.058,1.1,1,1,1,0,0,0,0,0,0,0,0,0,0,0,98.496,0,5.6043e-09,0.17295
1245,25,0,0,0,1.0836,53.2,1,25,25,0,0,0,0,0,0,0,0,0,0,0,93.627,0,0.44007,0
1246,20,0,0,0,1.093,31.2,1,20,20,0,0,0,0,0,0,0,0,0,0,0,92.837,0,0.17473,0
1247,5,0,0,0,1.0721,11.6,1,5,5,0,0,0,0,0,0,0,0,0,0,0,96.164,0,0.31799,0
1279,4.5,1.036,1.036,0,1.0958,5.6,1,4.5,4.5,0,0,0,0,0,0,0,0,0,0,0,93.282,0,0.27492,1.1198e-09
1285,50,41,41,-6.5,1.0788,68.6,1,50,50,0,0,0,0,0,0,0,0,0,0,0,96.101,0,0.043856,2.4423e-11
1286,228.71,78.448,113,-48,1.0983,256.3,1,230,120,0,0,0,0,0,0,0,0,0,0,0,9.0146e-10,1.0671e-11,3.3575e-11,9.1746e-12
1287,193.55,100.06,113,-48,1.0988,251.8,1,225,120,0,0,0,0,0,0,0,0,0,0,0,3.6882e-11,1.5774e-11,8.9622e-11,7.8356e-12
1296,0.2,0,0,0,1.0846,0.5,1,0.2,0.2,0,0,0,0,0,0,0,0,0,0,0,92.492,0,0.20458,0
1330,2.011,0.011,0.011,0,1.0781,3.5,1,2.011,2.011,0,0,0,0,0,0,0,0,0,0,0,95.493,0,0.32636,1.0544e-07
1341,20,0,0,0,1.0832,32,1,20,20,0,0,0,0,0,0,0,0,0,0,0,92.472,0,0.30033,0
1342,20,0,0,0,1.0832,34,1,20,20,0,0,0,0,0,0,0,0,0,0,0,92.473,0,0.30049,0
1350,0,0,90,-5,1.035,142.1,0,110,79,0,0,0,0,0,0,0,0,0,0,0,0,0,0,0
1350,79,12.397,90,-5,1.0906,150,1,120,79,0,0,0,0,0,0,0,0,0,0,0,2.8295e-11,1.431,1.4949e-11,6.6682e-11
1351,79,31.414,90,-5,1.0977,150,1,120,79,0,0,0,0,0,0,0,0,0,0,0,2.8295e-11,1.7181,1.9802e-11,3.1858e-11
1352,0,0,90,-5,1.035,150,0,120,79,0,0,0,0,0,0,0,0,0,0,0,0,0,0,0
1362,76,56.907,85,-21,1.1044,151.2,1,125,76,0,0,0,0,0,0,0,0,0,0,0,2.3676e-11,0.12711,4.1295e-11,1.4891e-11
1362,76,56.907,85,-21,1.1044,151.2,1,125,76,0,0,0,0,0,0,0,0,0,0,0,2.3676e-11,0.12711,4.1295e-11,1.4891e-11
1373,90,16.114,80,-25,1.0802,141.7,1,90,90,0,0,0,0,0,0,0,0,0,0,0,94.374,0,1.8159e-11,2.8217e-11
1373,90,16.114,80,-25,1.0802,128.1,1,90,90,0,0,0,0,0,0,0,0,0,0,0,94.374,0,1.8159e-11,2.8217e-11
1374,90,21.378,80,-25,1.0801,143.4,1,90,90,0,0,0,0,0,0,0,0,0,0,0,94.373,0,1.9789e-11,2.5014e-11
1375,90,6.1519,80,-25,1.0749,136,1,90,90,0,0,0,0,0,0,0,0,0,0,0,95.183,0,1.5709e-11,3.724e-11
1415,0,0,33.5,12,1.035,36.7,0,0,0,0,0,0,0,0,0,0,0,0,0,0,0,0,0,0
1416,0,0,41.2,-13.7,1.035,68.7,0,0,0,0,0,0,0,0,0,0,0,0,0,0,0,0,0,0
1416,50,-1.8086,41.2,-13.7,1.0913,68.7,1,50,50,0,0,0,0,0,0,0,0,0,0,0,92.822,0,2.6974e-11,9.7558e-11
1429,2,0,0,0,1.0602,4.5,1,2,2,0,0,0,0,0,0,0,0,0,0,0,96.667,0,1.2933,0
1433,14.999,0,0,0,1.0843,20,1,14.999,14.999,0,0,0,0,0,0,0,0,0,0,0,94.396,0,0.57868,0
1434,4,0.69,0.69,0,1.0847,4.1,1,4,4,0,0,0,0,0,0,0,0,0,0,0,94.103,0,0.67404,1.6813e-09
1435,13.999,4.66,4.66,0,1.0941,30.4,1,13.999,13.999,0,0,0,0,0,0,0,0,0,0,0,93.139,0,0.42352,2.4895e-10
1436,13.999,4.66,4.66,0,1.0961,19.3,1,13.999,13.999,0,0,0,0,0,0,0,0,0,0,0,92.955,0,0.37044,2.4895e-10
1440,140,69.715,105,5,1.0982,248.3,1,225,140,0,0,0,0,0,0,0,0,0,0,0,1.3648e-11,3.0571,3.2878e-11,1.7926e-11
1444,3,0.69,0.69,0,1.0886,3.1,1,3,3,0,0,0,0,0,0,0,0,0,0,0,93.845,0,0.14467,1.6813e-09
1462,0,0,35,-6,1.035,57.8,0,0,0,0,0,0,0,0,0,0,0,0,0,0,0,0,0,0
1462,0,0,35,-6,1.035,57.8,0,0,0,0,0,0,0,0,0,0,0,0,0,0,0,0,0,0
1462,1,0,0,0,1.0589,2.1,1,1,1,0,0,0,0,0,0,0,0,0,0,0,98.169,0,0,0.34531
1494,0.4,0,0,0,1.0802,0.8,1,0.4,0.4,0,0,0,0,0,0,0,0,0,0,0,94.163,0,0,0.25789
1518,0,0,0,0,1.035,2.1,0,0,0,0,0,0,0,0,0,0,0,0,0,0,0,0,0,0
1519,0.3,0,0,0,1.0924,0.9,1,0.3,0.3,0,0,0,0,0,0,0,0,0,0,0,91.385,0,0,0.049205
1520,2.011,0,0.011,0,1.0804,4.7,1,2.011,2.011,0,0,0,0,0,0,0,0,0,0,0,94.24,0,1.0544e-07,0.27927
1521,3,0,0,0,1.0804,6.4,1,3,3,0,0,0,0,0,0,0,0,0,0,0,94.241,0,0,0.27927
1543,1.8,0,0.276,0,1.0743,3,1,1.8,1.8,0,0,0,0,0,0,0,0,0,0,0,95.325,0,4.2032e-09,0.01132
1546,3.2,0.552,0.552,0,1.0806,3.2,1,3.2,3.2,0,0,0,0,0,0,0,0,0,0,0,94.569,0,0.72452,2.1016e-09
1547,3.2,0.552,0.552,0,1.0777,3.2,1,3.2,3.2,0,0,0,0,0,0,0,0,0,0,0,94.75,0,0.88902,2.1016e-09
1580,1,0,0,0,1.0655,2.3,1,1,1,0,0,0,0,0,0,0,0,0,0,0,97.65,0,0.41473,0
1594,1,0,0.062,0,1.059,2.5,1,1,1,0,0,0,0,0,0,0,0,0,0,0,95.742,0,1.8711e-08,0.48672
1647,0,0,9.3,1.9,1.035,16.8,0,0,0,0,0,0,0,0,0,0,0,0,0,0,0,0,0,0
1647,10,1.256,9.3,1.256,1.06,16.8,1,10,10,0,0,0,0,0,0,0,0,0,0,0,96.463,0,1.4422e-10,0.53242
1647,0,0,9.3,1.9,1.035,16.8,0,0,0,0,0,0,0,0,0,0,0,0,0,0,0,0,0,0
1647,0,0,9.3,2,1.035,16.8,0,0,0,0,0,0,0,0,0,0,0,0,0,0,0,0,0,0
1647,1.2,0,0.644,0,1.06,8,1,1.2,1.2,0,0,0,0,0,0,0,0,0,0,0,96.463,0,1.8014e-09,0.53242
1675,55,39.462,115,-70,1.0833,191.4,1,153,55,0,0,0,0,0,0,0,0,0,0,0,1.1838e-11,2.1674,1.5358e-11,1.0598e-11
1676,0,0,90,-20,1.035,156.5,0,128,70,0,0,0,0,0,0,0,0,0,0,0,0,0,0,0
1676,55,31.17,115,-70,1.0843,191.4,1,153,55,0,0,0,0,0,0,0,0,0,0,0,1.1838e-11,2.5765,1.3839e-11,1.1467e-11
1677,0,0,90,5,1.035,152.4,0,123,70,0,0,0,0,0,0,0,0,0,0,0,0,0,0,0
1687,80,32.447,55,32.447,1.0772,123,1,110,80,0,0,0,0,0,0,0,0,0,0,0,3.867e-11,4.4534,5.1439e-11,0.14371
1687,0.3,0,0.552,0,1.0772,1.7,1,0.3,0.3,0,0,0,0,0,0,0,0,0,0,0,95.067,0,2.1016e-09,0.14371
1688,0,0,42,16.8,1.035,61.6,0,45,30,0,0,0,0,0,0,0,0,0,0,0,0,0,0,0
1688,0,0,55,33,1.035,123,0,110,80,0,0,0,0,0,0,0,0,0,0,0,0,0,0,0
1688,0,0,42,16.8,1.035,61.6,0,45,30,0,0,0,0,0,0,0,0,0,0,0,0,0,0,0
1688,80,32.169,68,32.169,1.0818,129.3,1,110,80,0,0,0,0,0,0,0,0,0,0,0,3.867e-11,4.3851,3.2377e-11,0.3495
1688,30,16,40,16,1.0818,60.2,1,45,30,0,0,0,0,0,0,0,0,0,0,0,7.734e-11,4.3851,4.8337e-11,0.3495
1742,0.4,0,0.106,0,1.0511,0.5,1,0.4,0.4,0,0,0,0,0,0,0,0,0,0,0,96.971,0,1.0944e-08,0.36593
1749,1,0,0,0,1.0763,2.5,1,1,1,0,0,0,0,0,0,0,0,0,0,0,95.147,0,0.73328,0
1760,2.7,0.69,0.69,0,1.0931,2.8,1,2.7,2.7,0,0,0,0,0,0,0,0,0,0,0,93.44,0,0.34184,1.6813e-09
1774,4.3,0.622,0.622,0,1.0972,8.5,1,4.3,4.3,0,0,0,0,0,0,0,0,0,0,0,92.334,0,0.027588,1.8651e-09
1779,0,0,6.6,0.7,1.035,8.3,0,0,0,0,0,0,0,0,0,0,0,0,0,0,0,0,0,0
1798,15,0,3.625,0,1.0975,25.6,1,15,15,0,0,0,0,0,0,0,0,0,0,0,92.633,0,3.2003e-10,0.42106
1799,32,26,26,13,1.0835,47.7,1,32,32,0,0,0,0,0,0,0,0,0,0,0,94.364,0,0.26615,8.9238e-11
1841,0,0,83,-5,1.035,239.8,0,225,160,0,0,0,0,0,0,0,0,0,0,0,0,0,0,0
1841,174.52,49.72,113,-11,1.1075,251.8,1,225,140,0,0,0,0,0,0,0,0,0,0,0,2.298e-11,3.361e-11,1.8333e-11,1.9106e-11
1843,225,76,76,-8,1.1065,237.5,1,225,160,0,0,0,0,0,0,0,0,0,0,0,0.59594,1.7848e-11,0.16976,1.3811e-11
1847,3.2,0,0.518,0,1.0971,3.6,1,3.2,3.2,0,0,0,0,0,0,0,0,0,0,0,92.654,0,2.2396e-09,0.40923
1849,0.5,0,0.104,0,1.0664,6.5,1,0.5,0.5,0,0,0,0,0,0,0,0,0,0,0,96.757,0,1.1155e-08,0.099666
1852,3.011,0.539,0.539,0,1.0959,5,1,3.011,3.011,0,0,0,0,0,0,0,0,0,0,0,92.821,0,0.087181,2.1523e-09
1865,3.6,0,0.518,0,1.051,12,1,3.6,3.6,0,0,0,0,0,0,0,0,0,0,0,96.985,0,2.2396e-09,0.36923
1877,0,0,26,13,1.035,43.6,0,0,0,0,0,0,0,0,0,0,0,0,0,0,0,0,0,0
1877,0,0,8.3,1.5,1.035,11.5,0,0,0,0,0,0,0,0,0,0,0,0,0,0,0,0,0,0
1878,20,5.8,12,5.8,1.0931,27.7,1,20,20,0,0,0,0,0,0,0,0,0,0,0,92.782,0,1.8711e-10,0.086173
1878,19.998,10.965,26,10.965,1.0931,39.7,1,19.998,19.998,0,0,0,0,0,0,0,0,0,0,0,92.782,0,7.716e-11,0.086173
1885,1,0,0,0,1.0993,1.8,1,1,1,0,0,0,0,0,0,0,0,0,0,0,90.336,0,0.03863,0
1911,15,4.97,4.97,0,1.0845,32.4,1,15,15,0,0,0,0,0,0,0,0,0,0,0,94.185,0,0.65017,2.3342e-10
1912,15,4.97,4.97,0,1.0845,32.4,1,15,15,0,0,0,0,0,0,0,0,0,0,0,94.187,0,0.6503,2.3342e-10
1930,9.999,1.657,1.657,0,1.0676,21.1,1,9.999,9.999,0,0,0,0,0,0,0,0,0,0,0,97.353,0,0.32735,7.0012e-10
1932,120,12.844,90,0,1.1178,150,1,120,102,0,0,0,0,0,0,0,0,0,0,0,0.3981,6.445e-11,1.5036e-11,9.032e-11
1933,120,29.82,90,0,1.1144,150,1,120,100,0,0,0,0,0,0,0,0,0,0,0,1.1533,5.8005e-11,1.9277e-11,3.8903e-11
1969,50,0,15,0,1.0816,52.2,1,50,50,0,0,0,0,0,0,0,0,0,0,0,92.896,0,7.734e-11,0.16625
1969,0,0,15,0,1.035,52.2,0,0,0,0,0,0,0,0,0,0,0,0,0,0,0,0,0,0
1970,30,0,10,0,1.083,33.5,1,30,30,0,0,0,0,0,0,0,0,0,0,0,92.792,0,1.1601e-10,0.5668
1996,90,0,120,0,1.0689,252.4,1,222,90,0,0,0,0,0,0,0,0,0,0,0,8.7886e-12,15.074,9.6675e-12,1.5952
2002,0,0,8,0,1.035,27.3,0,0,0,0,0,0,0,0,0,0,0,0,0,0,0,0,0,0
2002,0,0,8,0,1.035,28.4,0,0,0,0,0,0,0,0,0,0,0,0,0,0,0,0,0,0
2002,0,0,8,0,1.035,27.3,0,0,0,0,0,0,0,0,0,0,0,0,0,0,0,0,0,0
2006,40,0,15,0,1.0713,57,1,40,40,0,0,0,0,0,0,0,0,0,0,0,100.16,0,7.734e-11,1.9079
2006,90,0,80,0,1.0713,128.1,1,90,90,0,0,0,0,0,0,0,0,0,0,0,100.16,0,1.4501e-11,1.9079
2007,100,0,90,0,1.0715,150.4,1,100,100,0,0,0,0,0,0,0,0,0,0,0,100.17,0,1.289e-11,1.9363
2019,25,0,10,0,1.0773,30.2,1,25,25,0,0,0,0,0,0,0,0,0,0,0,99.92,0,1.1601e-10,1.4812
2019,0,0,10,0,1.035,30.2,0,0,0,0,0,0,0,0,0,0,0,0,0,0,0,0,0,0
2019,50,0,12,0,1.0773,55.8,1,50,50,0,0,0,0,0,0,0,0,0,0,0,99.92,0,9.6675e-11,1.4812
2020,5,0,2,0,1.0699,5.4,1,5,5,0,0,0,0,0,0,0,0,0,0,0,100.72,0,5.8005e-10,1.353
2020,0,0,2,0,1.035,6.3,0,0,0,0,0,0,0,0,0,0,0,0,0,0,0,0,0,0
2046,90,44.875,90,0,1.1075,150,1,120,90,0,0,0,0,0,0,0,0,0,0,0,3.867e-11,0.65333,2.5709e-11,2.5852e-11
2068,0,0,1,0,1.035,3.2,0,0,0,0,0,0,0,0,0,0,0,0,0,0,0,0,0,0
2068,4,2,2,0,1.1008,4.5,1,4,4,0,0,0,0,0,0,0,0,0,0,0,96.151,0,0.062262,5.8005e-10
2095,25,2.0095,12,0,1.1071,51.4,1,50,25,0,0,0,0,0,0,0,0,0,0,0,4.6404e-11,0.65012,1.1612e-10,5.7732e-10
2095,30,2.0095,12,0,1.1071,51.4,1,50,30,0,0,0,0,0,0,0,0,0,0,0,5.8005e-11,0.65012,1.1612e-10,5.7732e-10
2096,20,4.3848,10.008,0,1.0971,29.7,1,28,20,0,0,0,0,0,0,0,0,0,0,0,1.4501e-10,0.32182,2.0631e-10,2.6457e-10
2098,30,0.53224,12,0,1.0317,56.3,1,55,30,0,0,0,0,0,0,0,0,0,0,0,4.6404e-11,0.26116,1.0116e-10,2.1797e-09
2218,200,57.421,120,0,1.1159,233.2,1,200,150,0,0,0,0,0,0,0,0,0,0,0,5.938,2.3202e-11,1.8538e-11,2.0203e-11
2219,200,16.451,120,0,1.1006,233.2,1,200,150,0,0,0,0,0,0,0,0,0,0,0,6.5125,2.3202e-11,1.1203e-11,7.0518e-11
2257,50.1,0,15,0,1.0538,66.7,1,50.1,50.1,0,0,0,0,0,0,0,0,0,0,0,101.71,0,7.734e-11,1.4614
2258,50,0,15,0,1.0537,66.7,1,50,50,0,0,0,0,0,0,0,0,0,0,0,101.71,0,7.734e-11,1.461
2334,20,0,15,0,1.056,58,1,20,20,0,0,0,0,0,0,0,0,0,0,0,101.74,0,7.734e-11,1.4838
2334,0,0,6,0,1.035,19,0,0,0,0,0,0,0,0,0,0,0,0,0,0,0,0,0,0
2334,0,0,2,0,1.035,4.5,0,0,0,0,0,0,0,0,0,0,0,0,0,0,0,0,0,0
2349,94,12.208,120,0,1.0813,263.9,1,235,94,0,0,0,0,0,0,0,0,0,0,0,8.2277e-12,4.6817,1.0762e-11,9.5031e-11
2360,44.2,0,15,0,1.0855,52.2,1,44.2,44.2,0,0,0,0,0,0,0,0,0,0,0,91.884,0,7.734e-11,0.23385
2360,70,0,80,0,1.0855,128.1,1,70,70,0,0,0,0,0,0,0,0,0,0,0,91.884,0,1.4501e-11,0.23385
2361,80,0,80,0,1.0842,128.1,1,80,80,0,0,0,0,0,0,0,0,0,0,0,92.891,0,1.4501e-11,0.36773
2438,8,0,10,0,1.0751,14.5,1,8,8,0,0,0,0,0,0,0,0,0,0,0,98.621,0,1.1601e-10,0.89861
2438,8,0,10,0,1.0751,15.6,1,8,8,0,0,0,0,0,0,0,0,0,0,0,98.621,0,1.1601e-10,0.89861
2458,36.485,15,15,0,1.0953,52.2,1,36.485,36.485,0,0,0,0,0,0,0,0,0,0,0,100.48,0,0.92274,7.734e-11
2458,40.138,1,1,0,1.0953,55,1,40.138,40.138,0,0,0,0,0,0,0,0,0,0,0,100.48,0,0.92274,1.1601e-09
2458,53.376,1,1,0,1.0953,53.4,1,53.376,53.376,0,0,0,0,0,0,0,0,0,0,0,100.48,0,0.92274,1.1601e-09
2459,21.461,5,5,0,1.0953,55.2,1,21.461,21.461,0,0,0,0,0,0,0,0,0,0,0,100.48,0,0.92268,2.3202e-10
2459,28.539,1,1,0,1.0953,32,1,28.539,28.539,0,0,0,0,0,0,0,0,0,0,0,100.48,0,0.92268,1.1601e-09
2478,50,5,5,0,1.0587,55.2,1,50,50,0,0,0,0,0,0,0,0,0,0,0,106.49,0,0.40705,2.3202e-10
2479,50,5,5,0,1.0587,55.2,1,50,50,0,0,0,0,0,0,0,0,0,0,0,106.49,0,0.40854,2.3202e-10
2491,0.4,0,0.1,0,1.1009,0.6,1,0.4,0.4,0,0,0,0,0,0,0,0,0,0,0,106,0,1.1601e-08,1.228
2508,0,0,1,0,1.035,22,0,0,0,0,0,0,0,0,0,0,0,0,0,0,0,0,0,0
2508,55,7.5,7.5,0,1.0631,55.5,1,55,55,0,0,0,0,0,0,0,0,0,0,0,105.45,0,0.34155,1.5468e-10
2508,55,7.5,7.5,0,1.0631,55.5,1,55,55,0,0,0,0,0,0,0,0,0,0,0,105.45,0,0.34155,1.5468e-10
2509,50,7.5,7.5,0,1.0664,55.5,1,50,50,0,0,0,0,0,0,0,0,0,0,0,105.06,0,0.2569,1.5468e-10
2509,50,7.5,7.5,0,1.0664,55.5,1,50,50,0,0,0,0,0,0,0,0,0,0,0,105.06,0,0.2569,1.5468e-10
2579,11,10,10,0,1.0685,17.9,1,11,11,0,0,0,0,0,0,0,0,0,0,0,101.62,0,1.0752,1.1601e-10
2580,6.5,6.5,6.5,0,1.0685,16.2,1,6.5,6.5,0,0,0,0,0,0,0,0,0,0,0,101.62,0,1.0771,1.7848e-10
2590,0,0,0,0,1.0647,0,1,0,0,0,0,0,0,0,0,0,0,0,0,0,102.09,0,1.1715,0
2617,0,0,0,0,1.0741,2.2,1,0,0,0,0,0,0,0,0,0,0,0,0,0,101.08,0,0.90489,0
2637,0.6,0,0,0,1.0586,0.7,1,0.6,0.6,0,0,0,0,0,0,0,0,0,0,0,106.14,0,0.41126,0
2710,25.5,2.5,2.5,0,1.0603,25.6,1,25.5,25.5,0,0,0,0,0,0,0,0,0,0,0,101.69,0,1.512,4.6404e-10
2710,25.5,2.5,2.5,0,1.0603,25.6,1,25.5,25.5,0,0,0,0,0,0,0,0,0,0,0,101.69,0,1.512,4.6404e-10
2710,0,0,2,0,1.035,25.1,0,0,0,0,0,0,0,0,0,0,0,0,0,0,0,0,0,0
2710,0,0,2,0,1.035,25.1,0,0,0,0,0,0,0,0,0,0,0,0,0,0,0,0,0,0
2711,0,0,2,0,1.035,25.1,0,0,0,0,0,0,0,0,0,0,0,0,0,0,0,0,0,0
2711,0,0,2,0,1.035,25.1,0,0,0,0,0,0,0,0,0,0,0,0,0,0,0,0,0,0
2729,0,0,22,8,1.035,54.6,0,0,0,0,0,0,0,0,0,0,0,0,0,0,0,0,0,0
2730,0,0,22,8,1.035,54.6,0,0,0,0,0,0,0,0,0,0,0,0,0,0,0,0,0,0
2729,0,0,22,-2.5,1.035,54.6,0,0,0,0,0,0,0,0,0,0,0,0,0,0,0,0,0,0
219,1.7,6,6,0,1.0798,6.2,1,1.7,1.7,0,0,0,0,0,0,0,0,0,0,0,99.118,0,0.20691,1.9335e-10
221,0.5,0,1,0,1.0722,1.1,1,0.5,0.5,0,0,0,0,0,0,0,0,0,0,0,93.922,0,1.1601e-09,1.031
222,0.5,0,0.2,0,1.0947,0.5,1,0.5,0.5,0,0,0,0,0,0,0,0,0,0,0,94.149,0,5.8004e-09,0.35436
223,0,1,1,0,1.0854,1,1,0,0,0,0,0,0,0,0,0,0,0,0,0,97.699,0,0.34697,1.1601e-09
299,6,0,5,0,1.1062,7.8,1,6,6,0,0,0,0,0,0,0,0,0,0,0,95.979,0,2.3202e-10,1.9502
449,10,1.2118,3,0,1.0845,10.4,1,10,10,0,0,0,0,0,0,0,0,0,0,0,96.089,0,6.4876e-10,9.5731e-10
569,4,0,4,0,1.1038,5.7,1,4,4,0,0,0,0,0,0,0,0,0,0,0,93.289,0,2.9002e-10,0.40495
1003,1.7,0.21,0.21,0.021,1.1019,1.7,1,1.7,1.7,0,0,0,0,0,0,0,0,0,0,0,92.291,0,0.25554,6.138e-09
1032,0.002,0.002,0.002,0.002,1.0835,0,1,0.002,0.002,0,0,0,0,0,0,0,0,0,0,0,94.774,0,0.056603,0
1949,1.2,0,0,0,1.0832,1.2,1,1.2,1.2,0,0,0,0,0,0,0,0,0,0,0,94.73,0,0,0.29816
1952,1.7,0,0,0,1.0792,1.7,1,1.7,1.7,0,0,0,0,0,0,0,0,0,0,0,95.022,0,0,0.069381
1962,0.3,0,0,0,1.0835,0.3,1,0.3,0.3,0,0,0,0,0,0,0,0,0,0,0,94.386,0,0,0.084939
1967,0.1,0,0,0,1.0715,0.1,1,0.1,0.1,0,0,0,0,0,0,0,0,0,0,0,96.426,0,0,0.059502
2012,1.2,0,0,0,1.0561,1.2,1,1.2,1.2,0,0,0,0,0,0,0,0,0,0,0,105.43,0,0,2.3887
2016,2.6,0,0,0,1.0698,2.6,1,2.6,2.6,0,0,0,0,0,0,0,0,0,0,0,100.77,0,0,1.2755
2018,3,0,0,0,1.0575,3,1,3,3,0,0,0,0,0,0,0,0,0,0,0,100.06,0,0,1.0838
2032,3,0,0,0,1.0565,3,1,3,3,0,0,0,0,0,0,0,0,0,0,0,99.485,0,0,1.0996
2040,15,0,0,0,1.0574,15,1,15,15,0,0,0,0,0,0,0,0,0,0,0,99.408,0,0,0.48339
2044,5,0,0,0,1.0682,5,1,5,5,0,0,0,0,0,0,0,0,0,0,0,96.33,0,0,0.19615
2051,2.1,0,0,0,1.0764,2.1,1,2.1,2.1,0,0,0,0,0,0,0,0,0,0,0,95.449,0,0,0.0011141
2059,3.6,0,0,0,1.0702,3.6,1,3.6,3.6,0,0,0,0,0,0,0,0,0,0,0,96.609,0,0,0.90735
2061,1.5,0,0,0,1.051,1.5,1,1.5,1.5,0,0,0,0,0,0,0,0,0,0,0,104.54,0,0,2.3558
2063,1.4,0,0,0,1.0685,1.4,1,1.4,1.4,0,0,0,0,0,0,0,0,0,0,0,96.47,0,0,0.09144
2067,0.5,0,0,0,1.075,0.5,1,0.5,0.5,0,0,0,0,0,0,0,0,0,0,0,95.853,0,0.07515,0
2072,3,0,0,0,1.0601,3,1,3,3,0,0,0,0,0,0,0,0,0,0,0,101.47,0,0,1.9117
2083,9,0,0,0,1.0315,9,1,9,9,0,0,0,0,0,0,0,0,0,0,0,101.36,0,0.36304,0
2101,4,0,0,0,1.0457,4,1,4,4,0,0,0,0,0,0,0,0,0,0,0,99.884,0,0.0065602,0
2123,2.7,0,0,0,1.05,2.7,1,2.7,2.7,0,0,0,0,0,0,0,0,0,0,0,104,0,0,1.1412
2128,3,0,0,0,1.0652,3,1,3,3,0,0,0,0,0,0,0,0,0,0,0,96.694,0,0,0.95436
2136,1.6,0,0,0,1.07,1.6,1,1.6,1.6,0,0,0,0,0,0,0,0,0,0,0,96.451,0,0,0.46953
2145,1.9,0,0,0,1.0819,1.9,1,1.9,1.9,0,0,0,0,0,0,0,0,0,0,0,94.849,0,0,0.23275
2180,1.5,0,0,0,1.0803,1.5,1,1.5,1.5,0,0,0,0,0,0,0,0,0,0,0,93.259,0,0,0.61089
2181,0.2,0,0,0,1.0618,0.2,1,0.2,0.2,0,0,0,0,0,0,0,0,0,0,0,102.33,0,0,1.736
2206,1.2,0,0,0,1.0511,1.2,1,1.2,1.2,0,0,0,0,0,0,0,0,0,0,0,104.57,0,0,2.3721
2207,0.3,0,0,0,1.0853,0.3,1,0.3,0.3,0,0,0,0,0,0,0,0,0,0,0,92.346,0,0,0.11504
2209,4,0,0,0,1.0691,4,1,4,4,0,0,0,0,0,0,0,0,0,0,0,101.7,0,0,2.1811
2212,2.8,0,0,0,1.0756,2.8,1,2.8,2.8,0,0,0,0,0,0,0,0,0,0,0,93.607,0,0,1.0959
2231,1.5,0,0,0,1.0689,1.5,1,1.5,1.5,0,0,0,0,0,0,0,0,0,0,0,101.05,0,0,2.1958
2232,0.3,0,0,0,1.0501,0.3,1,0.3,0.3,0,0,0,0,0,0,0,0,0,0,0,104.16,0,0,2.1569
2239,13,0,0,0,1.0407,13,1,13,13,0,0,0,0,0,0,0,0,0,0,0,102.16,0,0,1.089
2269,4,0,0,0,1.0806,4,1,4,4,0,0,0,0,0,0,0,0,0,0,0,92.906,0,0,0.32042
2277,2.4,0,0,0,1.0553,2.4,1,2.4,2.4,0,0,0,0,0,0,0,0,0,0,0,98.874,0,0,0.71575
2297,1.5,0,0,0,1.0485,1.5,1,1.5,1.5,0,0,0,0,0,0,0,0,0,0,0,102.22,0,0,1.4862
2299,0.3,0,0,0,1.079,0.3,1,0.3,0.3,0,0,0,0,0,0,0,0,0,0,0,95.32,0,0.0088357,0
2300,0.3,0,0,0,1.0742,0.3,1,0.3,0.3,0,0,0,0,0,0,0,0,0,0,0,100.78,0,0,1.697
2302,1,0,0,0,1.0965,1,1,1,1,0,0,0,0,0,0,0,0,0,0,0,96.65,0,0.36894,0
2304,3,0,0,0,1.0756,3,1,3,3,0,0,0,0,0,0,0,0,0,0,0,95.081,0,0,0.23748
2308,2,0,0,0,1.0611,2,1,2,2,0,0,0,0,0,0,0,0,0,0,0,102.84,0,0,2.1269
2312,3.5,0,0,0,1.0479,3.5,1,3.5,3.5,0,0,0,0,0,0,0,0,0,0,0,101.9,0,0,0.69396
2314,3,0,0,0,1.0458,3,1,3,3,0,0,0,0,0,0,0,0,0,0,0,102.16,0,0,0.22085
2315,1.6,0,0,0,1.0773,1.6,1,1.6,1.6,0,0,0,0,0,0,0,0,0,0,0,94.013,0,0,0.2631
2325,2.4,0,0,0,1.0777,2.4,1,2.4,2.4,0,0,0,0,0,0,0,0,0,0,0,95.237,0,0,0.00048107
2332,2.8,0,0,0,1.0998,2.8,1,2.8,2.8,0,0,0,0,0,0,0,0,0,0,0,96.665,0,0.020423,0
2337,0.2,0,0,0,1.0555,0.2,1,0.2,0.2,0,0,0,0,0,0,0,0,0,0,0,105.61,0,0,2.4152
2366,9.9,0,0,0,1.08,9.9,1,9.9,9.9,0,0,0,0,0,0,0,0,0,0,0,95.147,0,0.0075765,0
2372,4.2,0,0,0,1.0776,4.2,1,4.2,4.2,0,0,0,0,0,0,0,0,0,0,0,94.302,0,0,0.36766
2376,0.3,0,0,0,1.08,0.3,1,0.3,0.3,0,0,0,0,0,0,0,0,0,0,0,93.622,0,0,0.31137
2386,1,0,0,0,1.0557,1,1,1,1,0,0,0,0,0,0,0,0,0,0,0,100.3,0,0,1.0161
2445,0.5,0,0,0,1.0516,0.5,1,0.5,0.5,0,0,0,0,0,0,0,0,0,0,0,104.38,0,0,2.1262
2446,3,0,0,0,1.053,3,1,3,3,0,0,0,0,0,0,0,0,0,0,0,99.537,0,0,0.22953
2455,0.8,0,0,0,1.0624,0.8,1,0.8,0.8,0,0,0,0,0,0,0,0,0,0,0,105.58,0,0.35615,0
2461,0.1,0,0.2,0,1.1092,0.2,1,0.1,0.1,0,0,0,0,0,0,0,0,0,0,0,105.28,0,5.8004e-09,1.3834
2462,0,0,0.2,0,1.1092,0.2,1,0,0,0,0,0,0,0,0,0,0,0,0,0,105.28,0,5.8004e-09,1.3834
2467,0.3,0.3,0.3,0,1.0535,0.4,1,0.3,0.3,0,0,0,0,0,0,0,0,0,0,0,106.59,0,0.86189,3.867e-09
2475,0.3,0,0.1,0,1.0997,0.3,1,0.3,0.3,0,0,0,0,0,0,0,0,0,0,0,106.57,0,1.1601e-08,1.3675
2480,4.5,0.9,0.9,0,1.049,4.6,1,4.5,4.5,0,0,0,0,0,0,0,0,0,0,0,104.05,0,1.651,1.289e-09
2489,0.2,0,0,0,1.0562,0.2,1,0.2,0.2,0,0,0,0,0,0,0,0,0,0,0,112.14,0,0.13257,0
2490,0.3,0,0.1,0,1.0808,0.3,1,0.3,0.3,0,0,0,0,0,0,0,0,0,0,0,107.04,0,1.1601e-08,0.39644
2499,26,9,9,0,1.0524,27.5,1,26,26,0,0,0,0,0,0,0,0,0,0,0,107.02,0,0.80877,1.289e-10
2517,0,1.2,1.2,0,1.0598,1.2,1,0,0,0,0,0,0,0,0,0,0,0,0,0,102.68,0,1.3071,9.6675e-10
2522,2.5,1.3,1.3,0,1.0515,2.8,1,2.5,2.5,0,0,0,0,0,0,0,0,0,0,0,103.81,0,1.5596,8.9238e-10
2534,10,3.5,3.5,0,1.0916,10.6,1,10,10,0,0,0,0,0,0,0,0,0,0,0,101.38,0,0.83106,3.3146e-10
2537,31,25,25,0,1.0771,39.8,1,31,31,0,0,0,0,0,0,0,0,0,0,0,100.59,0,0.85089,4.6404e-11
2554,0.5,0,0.2,0,1.1109,0.5,1,0.5,0.5,0,0,0,0,0,0,0,0,0,0,0,104.82,0,5.8004e-09,1.2918
2555,0,0,0.5,0,1.1099,0.5,1,0,0,0,0,0,0,0,0,0,0,0,0,0,104.95,0,2.3202e-09,1.271
2562,56,37,37,0,1.044,67.1,1,56,56,0,0,0,0,0,0,0,0,0,0,0,106.59,0,1.9515,3.1354e-11
2566,1.5,0.2,0.2,0,1.0661,1.5,1,1.5,1.5,0,0,0,0,0,0,0,0,0,0,0,103.99,0,1.3085,5.8004e-09
2570,0.1,0.1,0.1,0,1.0689,0.1,1,0.1,0.1,0,0,0,0,0,0,0,0,0,0,0,107.65,0,0.051574,1.1601e-08
2576,0.3,0.1,0.1,0,1.0551,0.3,1,0.3,0.3,0,0,0,0,0,0,0,0,0,0,0,106,0,0.76202,1.1601e-08
2582,0.4,0,0.1,0,1.1047,0.4,1,0.4,0.4,0,0,0,0,0,0,0,0,0,0,0,105.91,0,1.1601e-08,1.4515
2583,0,1.1,1.1,0,1.0455,1.1,1,0,0,0,0,0,0,0,0,0,0,0,0,0,106.85,0,1.7175,1.0546e-09
2587,0,0.8,0.8,0,1.0818,0.8,1,0,0,0,0,0,0,0,0,0,0,0,0,0,99.727,0,0.63607,1.4501e-09
2597,0.5,0,0.1,0,1.1052,0.5,1,0.5,0.5,0,0,0,0,0,0,0,0,0,0,0,105.4,0,1.1601e-08,1.2947
2603,0.2,0,0,0,1.0646,0.2,1,0.2,0.2,0,0,0,0,0,0,0,0,0,0,0,103.87,0,0.79176,0
2615,0.3,0.1,0.1,0,1.0621,0.3,1,0.3,0.3,0,0,0,0,0,0,0,0,0,0,0,104.29,0,0.83339,1.1601e-08
2616,11,6.5,6.5,0,1.0625,12.8,1,11,11,0,0,0,0,0,0,0,0,0,0,0,104.31,0,0.79696,1.7848e-10
2634,0.1,0.1,0.1,0,1.0561,0.1,1,0.1,0.1,0,0,0,0,0,0,0,0,0,0,0,105.81,0,0.92411,1.1601e-08
2641,13.3,0,0,0,1.0628,13.3,1,13.3,13.3,0,0,0,0,0,0,0,0,0,0,0,105.58,0,0.33046,0
2652,1.2,0,0,0,1.0596,1.2,1,1.2,1.2,0,0,0,0,0,0,0,0,0,0,0,106.06,0,0.39968,0
2657,0,1.0836,1.9,0,1.0589,1.9,1,0,0,0,0,0,0,0,0,0,0,0,0,0,112.49,0,1.4209e-09,1.0706e-09
2662,0.6,0,0,0,1.1045,0.6,1,0.6,0.6,0,0,0,0,0,0,0,0,0,0,0,105.18,0,0,1.0581
2666,0.1,0,0,0,1.0463,0.1,1,0.1,0.1,0,0,0,0,0,0,0,0,0,0,0,108.62,0,0.51634,0
2671,0.1,0,0,0,1.1013,0.1,1,0.1,0.1,0,0,0,0,0,0,0,0,0,0,0,105.65,0,0,1.1098
2676,3.7,0,0,0,1.0473,3.7,1,3.7,3.7,0,0,0,0,0,0,0,0,0,0,0,108.36,0,0.5361,0
2684,46,0,0,0,1.0718,46,1,46,46,0,0,0,0,0,0,0,0,0,0,0,103.49,0,1.3309,0
2688,15.7,8.6,8.6,0,1.0514,17.9,1,15.7,15.7,0,0,0,0,0,0,0,0,0,0,0,103.82,0,1.5704,1.349e-10
2693,4.5,0.9,0.9,0,1.0478,4.6,1,4.5,4.5,0,0,0,0,0,0,0,0,0,0,0,104.16,0,1.6775,1.289e-09
2704,0.1,0.1,0.1,0,1.0664,0.1,1,0.1,0.1,0,0,0,0,0,0,0,0,0,0,0,107.46,0,0.1548,1.1601e-08
2706,23,15,15,0,1.058,27.5,1,23,23,0,0,0,0,0,0,0,0,0,0,0,102.46,0,1.5113,7.734e-11
2725,2.8,2.9,2.9,0,1.0657,4,1,2.8,2.8,0,0,0,0,0,0,0,0,0,0,0,102.83,0,0.85128,4.0003e-10
1166,1.109,0.217,0.217,0.217,1.0754,1.1,1,1.109,1.109,0,0,0,0,0,0,0,0,0,0,0,94.794,0,0.025669,0
1648,0.431,0.821,0.821,0.821,1.06,0.9,1,0.431,0.431,0,0,0,0,0,0,0,0,0,0,0,96.461,0,0,0.53336
2326,2.113,-0.46,-0.46,-0.46,1.0798,2.2,1,2.113,2.113,0,0,0,0,0,0,0,0,0,0,0,94.947,0,0,0.045753
2367,1.379,0.225,0.225,0.225,1.0802,1.4,1,1.379,1.379,0,0,0,0,0,0,0,0,0,0,0,95.121,0,0.0072694,0
2370,5.8,1.699,1.699,1.699,1.0842,6,1,5.8,5.8,0,0,0,0,0,0,0,0,0,0,0,94.643,0,0,0.32615
2076,0.2,0,0,0,1.0678,0.2,1,0.2,0.2,0,0,0,0,0,0,0,0,0,0,0,97.06,0,0,0.0014325
2282,10,0,0,0,1.062,10,1,10,10,0,0,0,0,0,0,0,0,0,0,0,103.75,0,0,2.0651
2285,5,0,0,0,1.0792,5,1,5,5,0,0,0,0,0,0,0,0,0,0,0,93.941,0,0,0.42249
2493,0,0,1,0,1.0426,1,1,0,0,0,0,0,0,0,0,0,0,0,0,0,116.72,0,1.1601e-09,0.2769
2496,1,0,0.3,0,1.1085,1,1,1,1,0,0,0,0,0,0,0,0,0,0,0,105.08,0,3.867e-09,1.2113
382,0.084,-9.392,-9.392,-9.392,1.0933,9.4,1,0.084,0.084,0,0,0,0,0,0,0,0,0,0,0,96.258,0,0,6.072e-12
383,6.012,10.538,10.538,10.538,1.1017,12.1,1,6.012,6.012,0,0,0,0,0,0,0,0,0,0,0,97.105,0,0,0.33089
1012,2.277,-0.8,-0.8,-0.8,1.0799,2.4,1,2.277,2.277,0,0,0,0,0,0,0,0,0,0,0,94.931,0,0.20182,0
1970,5.588,3.717,3.717,3.717,1.083,6.7,1,5.588,5.588,0,0,0,0,0,0,0,0,0,0,0,92.792,0,0,0.5668
2019,5.619,-4.571,-4.571,-4.571,1.0773,7.2,1,5.619,5.619,0,0,0,0,0,0,0,0,0,0,0,99.92,0,0,1.4812
2095,1.645,4.62,4.62,4.62,1.1071,4.9,1,1.645,1.645,0,0,0,0,0,0,0,0,0,0,0,95.77,0,0,4.612e-10
2096,1.707,-1.725,-1.725,-1.725,1.0971,2.4,1,1.707,1.707,0,0,0,0,0,0,0,0,0,0,0,96.098,0,0,5.8268e-11
2257,1.291,0.159,0.159,0.159,1.0538,1.3,1,1.291,1.291,0,0,0,0,0,0,0,0,0,0,0,101.71,0,0,1.4614
2438,19.344,0.761,0.761,0.761,1.0751,19.4,1,19.344,19.344,0,0,0,0,0,0,0,0,0,0,0,98.621,0,0,0.89861
2732,0,0,0,0,1.0246,0,1,0,0,0,0,0,0,0,0,0,0,0,0,0,92.637,0,0,0.027608
2733,0,0,0,0,1.0249,0,1,0,0,0,0,0,0,0,0,0,0,0,0,0,92.988,0,0.086526,0
2734,68.958,-9.2146,0,-34.853,1.1052,69,1,68.958,68.958,0,0,0,0,0,0,0,0,0,0,0,93.957,0,1.259e-10,4.5249e-11
2735,69.456,-126.98,0,-126.98,1.0322,69.5,1,69.456,69.456,0,0,0,0,0,0,0,0,0,0,0,94.123,0,9.1361e-12,0.080997
2736,125,-21.407,120,-37.01,1.0861,173.3,1,125,125,0,0,0,0,0,0,0,0,0,0,0,91.987,0,8.204e-12,7.4349e-11
2737,7.669,-7.568,0,-7.568,1.0847,7.7,1,7.669,7.669,0,0,0,0,0,0,0,0,0,0,0,101.45,0,1.5329e-10,1.5635
2738,0,0,0,0,1.0089,0,1,0,0,0,0,0,0,0,0,0,0,0,0,0,96.09,0,0,0.42693
2739,200,0,0,0,1.0267,200,1,200,200,0,0,0,0,0,0,0,0,0,0,0,104.76,0,0,0.75979
2740,80,-6.8007,0,-9.06,1.1079,80,1,80,80,0,0,0,0,0,0,0,0,0,0,0,91.445,0,1.7059e-10,5.1347e-10
